model_key,model,condition,patient_id,repetition,run,timestamp,raw_valid_json,schema_match,repair_needed,structural_drift_score,extra_keys_count,missing_keys_count,malformed_json,markdown_fence_present
qwen72b,Qwen/Qwen2.5-72B-Instruct,redundancy,patient_01,2,1,2026-05-22T02:21:25.333679,1,1,0,0.0,0,0,0,0
qwen72b,Qwen/Qwen2.5-72B-Instruct,redundancy,patient_01,2,2,2026-05-22T02:21:31.713641,1,1,0,0.0,0,0,0,0
qwen72b,Qwen/Qwen2.5-72B-Instruct,redundancy,patient_01,2,3,2026-05-22T02:21:41.780257,1,1,0,0.0,0,0,0,0
qwen72b,Qwen/Qwen2.5-72B-Instruct,redundancy,patient_01,5,1,2026-05-22T02:21:48.750480,1,1,0,0.0,0,0,0,0
qwen72b,Qwen/Qwen2.5-72B-Instruct,redundancy,patient_01,5,2,2026-05-22T02:21:54.755600,1,1,0,0.0,0,0,0,0
qwen72b,Qwen/Qwen2.5-72B-Instruct,redundancy,patient_01,5,3,2026-05-22T02:22:00.748038,1,1,0,0.0,0,0,0,0
qwen72b,Qwen/Qwen2.5-72B-Instruct,redundancy,patient_01,10,1,2026-05-22T02:22:05.847232,1,1,0,0.0,0,0,0,0
qwen72b,Qwen/Qwen2.5-72B-Instruct,redundancy,patient_01,10,2,2026-05-22T02:22:12.461488,1,1,0,0.0,0,0,0,0
qwen72b,Qwen/Qwen2.5-72B-Instruct,redundancy,patient_01,10,3,2026-05-22T02:22:19.134075,1,1,0,0.0,0,0,0,0
qwen72b,Qwen/Qwen2.5-72B-Instruct,redundancy,patient_01,16,1,2026-05-22T02:22:26.578109,1,1,0,0.0,0,0,0,0
qwen72b,Qwen/Qwen2.5-72B-Instruct,redundancy,patient_01,16,2,2026-05-22T02:22:34.998482,1,1,0,0.0,0,0,0,0
qwen72b,Qwen/Qwen2.5-72B-Instruct,redundancy,patient_01,16,3,2026-05-22T02:22:41.538030,1,1,0,0.0,0,0,0,0
qwen72b,Qwen/Qwen2.5-72B-Instruct,redundancy,patient_02,2,1,2026-05-22T02:22:46.450512,1,1,0,0.0,0,0,0,0
qwen72b,Qwen/Qwen2.5-72B-Instruct,redundancy,patient_02,2,2,2026-05-22T02:22:51.144371,1,1,0,0.0,0,0,0,0
qwen72b,Qwen/Qwen2.5-72B-Instruct,redundancy,patient_02,2,3,2026-05-22T02:22:54.682406,1,1,0,0.0,0,0,0,0
qwen72b,Qwen/Qwen2.5-72B-Instruct,redundancy,patient_02,5,1,2026-05-22T02:22:59.607157,1,1,0,0.0,0,0,0,0
qwen72b,Qwen/Qwen2.5-72B-Instruct,redundancy,patient_02,5,2,2026-05-22T02:23:03.154872,1,1,0,0.0,0,0,0,0
qwen72b,Qwen/Qwen2.5-72B-Instruct,redundancy,patient_02,5,3,2026-05-22T02:23:06.809455,1,1,0,0.0,0,0,0,0
qwen72b,Qwen/Qwen2.5-72B-Instruct,redundancy,patient_02,10,1,2026-05-22T02:23:10.857166,1,1,0,0.0,0,0,0,0
qwen72b,Qwen/Qwen2.5-72B-Instruct,redundancy,patient_02,10,2,2026-05-22T02:23:14.737646,1,1,0,0.0,0,0,0,0
qwen72b,Qwen/Qwen2.5-72B-Instruct,redundancy,patient_02,10,3,2026-05-22T02:23:18.431485,1,1,0,0.0,0,0,0,0
qwen72b,Qwen/Qwen2.5-72B-Instruct,redundancy,patient_02,16,1,2026-05-22T02:23:22.715725,1,1,0,0.0,0,0,0,0
qwen72b,Qwen/Qwen2.5-72B-Instruct,redundancy,patient_02,16,2,2026-05-22T02:23:27.509674,1,1,0,0.0,0,0,0,0
qwen72b,Qwen/Qwen2.5-72B-Instruct,redundancy,patient_02,16,3,2026-05-22T02:23:37.695192,1,1,0,0.0,0,0,0,0
qwen72b,Qwen/Qwen2.5-72B-Instruct,redundancy,patient_03,2,1,2026-05-22T02:23:44.418240,1,1,0,0.0,0,0,0,0
qwen72b,Qwen/Qwen2.5-72B-Instruct,redundancy,patient_03,2,2,2026-05-22T02:23:50.870567,1,1,0,0.0,0,0,0,0
qwen72b,Qwen/Qwen2.5-72B-Instruct,redundancy,patient_03,2,3,2026-05-22T02:23:55.658136,1,1,0,0.0,0,0,0,0
qwen72b,Qwen/Qwen2.5-72B-Instruct,redundancy,patient_03,5,1,2026-05-22T02:24:02.005170,1,1,0,0.0,0,0,0,0
qwen72b,Qwen/Qwen2.5-72B-Instruct,redundancy,patient_03,5,2,2026-05-22T02:24:09.467169,1,1,0,0.0,0,0,0,0
qwen72b,Qwen/Qwen2.5-72B-Instruct,redundancy,patient_03,5,3,2026-05-22T02:24:20.841900,1,1,0,0.0,0,0,0,0
qwen72b,Qwen/Qwen2.5-72B-Instruct,redundancy,patient_03,10,1,2026-05-22T02:24:26.712660,1,1,0,0.0,0,0,0,0
qwen72b,Qwen/Qwen2.5-72B-Instruct,redundancy,patient_03,10,2,2026-05-22T02:24:44.318586,1,1,0,0.0,0,0,0,0
qwen72b,Qwen/Qwen2.5-72B-Instruct,redundancy,patient_03,10,3,2026-05-22T02:24:51.361377,1,1,0,0.0,0,0,0,0
qwen72b,Qwen/Qwen2.5-72B-Instruct,redundancy,patient_03,16,1,2026-05-22T02:24:58.228784,1,1,0,0.0,0,0,0,0
qwen72b,Qwen/Qwen2.5-72B-Instruct,redundancy,patient_03,16,2,2026-05-22T02:25:04.427691,1,1,0,0.0,0,0,0,0
qwen72b,Qwen/Qwen2.5-72B-Instruct,redundancy,patient_03,16,3,2026-05-22T02:25:11.967959,1,1,0,0.0,0,0,0,0
qwen72b,Qwen/Qwen2.5-72B-Instruct,redundancy,patient_04,2,1,2026-05-22T02:25:14.840575,1,1,0,0.0,0,0,0,0
qwen72b,Qwen/Qwen2.5-72B-Instruct,redundancy,patient_04,2,2,2026-05-22T02:25:17.478113,1,1,0,0.0,0,0,0,0
qwen72b,Qwen/Qwen2.5-72B-Instruct,redundancy,patient_04,2,3,2026-05-22T02:25:19.976853,1,1,0,0.0,0,0,0,0
qwen72b,Qwen/Qwen2.5-72B-Instruct,redundancy,patient_04,5,1,2026-05-22T02:25:22.591090,1,1,0,0.0,0,0,0,0
qwen72b,Qwen/Qwen2.5-72B-Instruct,redundancy,patient_04,5,2,2026-05-22T02:25:25.649460,1,1,0,0.0,0,0,0,0
qwen72b,Qwen/Qwen2.5-72B-Instruct,redundancy,patient_04,5,3,2026-05-22T02:25:28.897730,1,1,0,0.0,0,0,0,0
qwen72b,Qwen/Qwen2.5-72B-Instruct,redundancy,patient_04,10,1,2026-05-22T02:25:32.829245,1,1,0,0.0,0,0,0,0
qwen72b,Qwen/Qwen2.5-72B-Instruct,redundancy,patient_04,10,2,2026-05-22T02:25:35.992953,1,1,0,0.0,0,0,0,0
qwen72b,Qwen/Qwen2.5-72B-Instruct,redundancy,patient_04,10,3,2026-05-22T02:25:39.938289,1,1,0,0.0,0,0,0,0
qwen72b,Qwen/Qwen2.5-72B-Instruct,redundancy,patient_04,16,1,2026-05-22T02:25:54.811926,1,1,0,0.0,0,0,0,0
qwen72b,Qwen/Qwen2.5-72B-Instruct,redundancy,patient_04,16,2,2026-05-22T02:26:00.305082,1,1,0,0.0,0,0,0,0
qwen72b,Qwen/Qwen2.5-72B-Instruct,redundancy,patient_04,16,3,2026-05-22T02:26:14.348074,1,1,0,0.0,0,0,0,0
qwen72b,Qwen/Qwen2.5-72B-Instruct,redundancy,patient_05,2,1,2026-05-22T02:26:32.180114,1,1,0,0.0,0,0,0,0
qwen72b,Qwen/Qwen2.5-72B-Instruct,redundancy,patient_05,2,2,2026-05-22T02:26:38.780639,1,1,0,0.0,0,0,0,0
qwen72b,Qwen/Qwen2.5-72B-Instruct,redundancy,patient_05,2,3,2026-05-22T02:26:44.656320,1,1,0,0.0,0,0,0,0
qwen72b,Qwen/Qwen2.5-72B-Instruct,redundancy,patient_05,5,1,2026-05-22T02:26:52.595712,1,1,0,0.0,0,0,0,0
qwen72b,Qwen/Qwen2.5-72B-Instruct,redundancy,patient_05,5,2,2026-05-22T02:26:59.571198,1,1,0,0.0,0,0,0,0
qwen72b,Qwen/Qwen2.5-72B-Instruct,redundancy,patient_05,5,3,2026-05-22T02:27:17.703828,1,1,0,0.0,0,0,0,0
qwen72b,Qwen/Qwen2.5-72B-Instruct,redundancy,patient_05,10,1,2026-05-22T02:27:34.873688,1,1,0,0.0,0,0,0,0
qwen72b,Qwen/Qwen2.5-72B-Instruct,redundancy,patient_05,10,2,2026-05-22T02:27:46.945780,1,1,0,0.0,0,0,0,0
qwen72b,Qwen/Qwen2.5-72B-Instruct,redundancy,patient_05,10,3,2026-05-22T02:28:00.500810,1,1,0,0.0,0,0,0,0
qwen72b,Qwen/Qwen2.5-72B-Instruct,redundancy,patient_05,16,1,2026-05-22T02:28:12.668273,1,1,0,0.0,0,0,0,0
qwen72b,Qwen/Qwen2.5-72B-Instruct,redundancy,patient_05,16,2,2026-05-22T02:28:24.867222,1,1,0,0.0,0,0,0,0
qwen72b,Qwen/Qwen2.5-72B-Instruct,redundancy,patient_05,16,3,2026-05-22T02:28:30.957782,1,1,0,0.0,0,0,0,0
qwen72b,Qwen/Qwen2.5-72B-Instruct,redundancy,patient_06,2,1,2026-05-22T02:28:37.906521,1,1,0,0.0,0,0,0,0
qwen72b,Qwen/Qwen2.5-72B-Instruct,redundancy,patient_06,2,2,2026-05-22T02:28:47.470824,1,1,0,0.0,0,0,0,0
qwen72b,Qwen/Qwen2.5-72B-Instruct,redundancy,patient_06,2,3,2026-05-22T02:28:55.200958,1,1,0,0.0,0,0,0,0
qwen72b,Qwen/Qwen2.5-72B-Instruct,redundancy,patient_06,5,1,2026-05-22T02:29:07.377770,1,1,0,0.0,0,0,0,0
qwen72b,Qwen/Qwen2.5-72B-Instruct,redundancy,patient_06,5,2,2026-05-22T02:29:21.552931,1,1,0,0.0,0,0,0,0
qwen72b,Qwen/Qwen2.5-72B-Instruct,redundancy,patient_06,5,3,2026-05-22T02:29:29.194202,1,1,0,0.0,0,0,0,0
qwen72b,Qwen/Qwen2.5-72B-Instruct,redundancy,patient_06,10,1,2026-05-22T02:29:34.644452,1,1,0,0.0,0,0,0,0
qwen72b,Qwen/Qwen2.5-72B-Instruct,redundancy,patient_06,10,2,2026-05-22T02:29:42.590185,1,1,0,0.0,0,0,0,0
qwen72b,Qwen/Qwen2.5-72B-Instruct,redundancy,patient_06,10,3,2026-05-22T02:29:47.524977,1,1,0,0.0,0,0,0,0
qwen72b,Qwen/Qwen2.5-72B-Instruct,redundancy,patient_06,16,1,2026-05-22T02:29:51.905096,1,1,0,0.0,0,0,0,0
qwen72b,Qwen/Qwen2.5-72B-Instruct,redundancy,patient_06,16,2,2026-05-22T02:29:56.992731,1,1,0,0.0,0,0,0,0
qwen72b,Qwen/Qwen2.5-72B-Instruct,redundancy,patient_06,16,3,2026-05-22T02:30:04.643846,1,1,0,0.0,0,0,0,0
qwen72b,Qwen/Qwen2.5-72B-Instruct,redundancy,patient_07,2,1,2026-05-22T02:30:09.892807,1,1,0,0.0,0,0,0,0
qwen72b,Qwen/Qwen2.5-72B-Instruct,redundancy,patient_07,2,2,2026-05-22T02:30:16.251619,1,1,0,0.0,0,0,0,0
qwen72b,Qwen/Qwen2.5-72B-Instruct,redundancy,patient_07,2,3,2026-05-22T02:30:27.995883,1,1,0,0.0,0,0,0,0
qwen72b,Qwen/Qwen2.5-72B-Instruct,redundancy,patient_07,5,1,2026-05-22T02:30:39.649526,1,1,0,0.0,0,0,0,0
qwen72b,Qwen/Qwen2.5-72B-Instruct,redundancy,patient_07,5,2,2026-05-22T02:30:57.420029,1,1,0,0.0,0,0,0,0
qwen72b,Qwen/Qwen2.5-72B-Instruct,redundancy,patient_07,5,3,2026-05-22T02:31:07.399278,1,1,0,0.0,0,0,0,0
qwen72b,Qwen/Qwen2.5-72B-Instruct,redundancy,patient_07,10,1,2026-05-22T02:31:15.260619,1,1,0,0.0,0,0,0,0
qwen72b,Qwen/Qwen2.5-72B-Instruct,redundancy,patient_07,10,2,2026-05-22T02:31:22.957406,1,1,0,0.0,0,0,0,0
qwen72b,Qwen/Qwen2.5-72B-Instruct,redundancy,patient_07,10,3,2026-05-22T02:31:36.762866,1,1,0,0.0,0,0,0,0
qwen72b,Qwen/Qwen2.5-72B-Instruct,redundancy,patient_07,16,1,2026-05-22T02:31:45.794108,1,1,0,0.0,0,0,0,0
qwen72b,Qwen/Qwen2.5-72B-Instruct,redundancy,patient_07,16,2,2026-05-22T02:31:54.693375,1,1,0,0.0,0,0,0,0
qwen72b,Qwen/Qwen2.5-72B-Instruct,redundancy,patient_07,16,3,2026-05-22T02:32:04.686188,1,1,0,0.0,0,0,0,0
qwen72b,Qwen/Qwen2.5-72B-Instruct,redundancy,patient_08,2,1,2026-05-22T02:32:17.176959,1,1,0,0.0,0,0,0,0
qwen72b,Qwen/Qwen2.5-72B-Instruct,redundancy,patient_08,2,2,2026-05-22T02:32:24.839994,1,1,0,0.0,0,0,0,0
qwen72b,Qwen/Qwen2.5-72B-Instruct,redundancy,patient_08,2,2,2026-05-22T02:32:31.017101,1,1,0,0.0,0,0,0,0
qwen72b,Qwen/Qwen2.5-72B-Instruct,redundancy,patient_08,2,3,2026-05-22T02:32:38.645418,1,1,0,0.0,0,0,0,0
qwen72b,Qwen/Qwen2.5-72B-Instruct,redundancy,patient_08,2,3,2026-05-22T02:32:42.132685,1,1,0,0.0,0,0,0,0
qwen72b,Qwen/Qwen2.5-72B-Instruct,redundancy,patient_08,5,1,2026-05-22T02:32:50.602981,1,1,0,0.0,0,0,0,0
qwen72b,Qwen/Qwen2.5-72B-Instruct,redundancy,patient_08,5,1,2026-05-22T02:32:59.044721,1,1,0,0.0,0,0,0,0
qwen72b,Qwen/Qwen2.5-72B-Instruct,redundancy,patient_08,5,2,2026-05-22T02:33:06.138812,1,1,0,0.0,0,0,0,0
qwen72b,Qwen/Qwen2.5-72B-Instruct,redundancy,patient_08,5,2,2026-05-22T02:33:12.668587,1,1,0,0.0,0,0,0,0
qwen72b,Qwen/Qwen2.5-72B-Instruct,redundancy,patient_08,5,3,2026-05-22T02:33:15.486124,1,1,0,0.0,0,0,0,0
qwen72b,Qwen/Qwen2.5-72B-Instruct,redundancy,patient_08,5,3,2026-05-22T02:33:22.181205,1,1,0,0.0,0,0,0,0
qwen72b,Qwen/Qwen2.5-72B-Instruct,redundancy,patient_08,10,1,2026-05-22T02:33:26.793403,1,1,0,0.0,0,0,0,0
qwen72b,Qwen/Qwen2.5-72B-Instruct,redundancy,patient_08,10,1,2026-05-22T02:33:28.602959,1,1,0,0.0,0,0,0,0
qwen72b,Qwen/Qwen2.5-72B-Instruct,redundancy,patient_08,10,2,2026-05-22T02:33:32.753368,1,1,0,0.0,0,0,0,0
qwen72b,Qwen/Qwen2.5-72B-Instruct,redundancy,patient_08,10,2,2026-05-22T02:33:35.604326,1,1,0,0.0,0,0,0,0
qwen72b,Qwen/Qwen2.5-72B-Instruct,redundancy,patient_08,10,3,2026-05-22T02:33:40.015858,1,1,0,0.0,0,0,0,0
qwen72b,Qwen/Qwen2.5-72B-Instruct,redundancy,patient_08,10,3,2026-05-22T02:33:43.483064,1,1,0,0.0,0,0,0,0
qwen72b,Qwen/Qwen2.5-72B-Instruct,redundancy,patient_08,16,1,2026-05-22T02:33:46.562693,1,1,0,0.0,0,0,0,0
qwen72b,Qwen/Qwen2.5-72B-Instruct,redundancy,patient_08,16,1,2026-05-22T02:33:51.316215,1,1,0,0.0,0,0,0,0
qwen72b,Qwen/Qwen2.5-72B-Instruct,redundancy,patient_08,16,2,2026-05-22T02:33:54.343880,1,1,0,0.0,0,0,0,0
qwen72b,Qwen/Qwen2.5-72B-Instruct,redundancy,patient_08,16,2,2026-05-22T02:33:57.460644,1,1,0,0.0,0,0,0,0
qwen72b,Qwen/Qwen2.5-72B-Instruct,redundancy,patient_08,16,3,2026-05-22T02:33:59.669309,1,1,0,0.0,0,0,0,0
qwen72b,Qwen/Qwen2.5-72B-Instruct,redundancy,patient_08,16,3,2026-05-22T02:34:02.145344,1,1,0,0.0,0,0,0,0
qwen72b,Qwen/Qwen2.5-72B-Instruct,redundancy,patient_09,2,1,2026-05-22T02:34:02.729126,1,1,0,0.0,0,0,0,0
qwen72b,Qwen/Qwen2.5-72B-Instruct,redundancy,patient_09,2,1,2026-05-22T02:34:08.008192,1,1,0,0.0,0,0,0,0
qwen72b,Qwen/Qwen2.5-72B-Instruct,redundancy,patient_09,2,2,2026-05-22T02:34:08.619493,1,1,0,0.0,0,0,0,0
qwen72b,Qwen/Qwen2.5-72B-Instruct,redundancy,patient_09,2,2,2026-05-22T02:34:12.307642,1,1,0,0.0,0,0,0,0
qwen72b,Qwen/Qwen2.5-72B-Instruct,redundancy,patient_09,2,3,2026-05-22T02:34:12.924009,1,1,0,0.0,0,0,0,0
qwen72b,Qwen/Qwen2.5-72B-Instruct,redundancy,patient_09,2,3,2026-05-22T02:34:18.036559,1,1,0,0.0,0,0,0,0
qwen72b,Qwen/Qwen2.5-72B-Instruct,redundancy,patient_09,5,1,2026-05-22T02:34:19.338661,1,1,0,0.0,0,0,0,0
qwen72b,Qwen/Qwen2.5-72B-Instruct,redundancy,patient_09,5,1,2026-05-22T02:34:21.881570,1,1,0,0.0,0,0,0,0
qwen72b,Qwen/Qwen2.5-72B-Instruct,redundancy,patient_09,5,2,2026-05-22T02:34:28.718336,1,1,0,0.0,0,0,0,0
qwen72b,Qwen/Qwen2.5-72B-Instruct,redundancy,patient_09,5,2,2026-05-22T02:34:38.378531,1,1,0,0.0,0,0,0,0
qwen72b,Qwen/Qwen2.5-72B-Instruct,redundancy,patient_09,5,3,2026-05-22T02:34:40.068024,1,1,0,0.0,0,0,0,0
qwen72b,Qwen/Qwen2.5-72B-Instruct,redundancy,patient_09,5,3,2026-05-22T02:34:45.389966,1,1,0,0.0,0,0,0,0
qwen72b,Qwen/Qwen2.5-72B-Instruct,redundancy,patient_09,10,1,2026-05-22T02:34:49.282412,1,1,0,0.0,0,0,0,0
qwen72b,Qwen/Qwen2.5-72B-Instruct,redundancy,patient_09,10,1,2026-05-22T02:34:51.430279,1,1,0,0.0,0,0,0,0
qwen72b,Qwen/Qwen2.5-72B-Instruct,redundancy,patient_09,10,2,2026-05-22T02:34:53.125173,1,1,0,0.0,0,0,0,0
qwen72b,Qwen/Qwen2.5-72B-Instruct,redundancy,patient_09,10,2,2026-05-22T02:34:59.522898,1,1,0,0.0,0,0,0,0
qwen72b,Qwen/Qwen2.5-72B-Instruct,redundancy,patient_09,10,3,2026-05-22T02:35:01.792869,1,1,0,0.0,0,0,0,0
qwen72b,Qwen/Qwen2.5-72B-Instruct,redundancy,patient_09,10,3,2026-05-22T02:35:07.410828,1,1,0,0.0,0,0,0,0
qwen72b,Qwen/Qwen2.5-72B-Instruct,redundancy,patient_09,16,1,2026-05-22T02:35:10.931073,1,1,0,0.0,0,0,0,0
qwen72b,Qwen/Qwen2.5-72B-Instruct,redundancy,patient_09,16,1,2026-05-22T02:35:17.180792,1,1,0,0.0,0,0,0,0
qwen72b,Qwen/Qwen2.5-72B-Instruct,redundancy,patient_09,16,2,2026-05-22T02:35:19.487931,1,1,0,0.0,0,0,0,0
qwen72b,Qwen/Qwen2.5-72B-Instruct,redundancy,patient_09,16,2,2026-05-22T02:35:30.485361,1,1,0,0.0,0,0,0,0
qwen72b,Qwen/Qwen2.5-72B-Instruct,redundancy,patient_09,16,3,2026-05-22T02:35:36.810966,1,1,0,0.0,0,0,0,0
qwen72b,Qwen/Qwen2.5-72B-Instruct,redundancy,patient_09,16,3,2026-05-22T02:35:40.764020,1,1,0,0.0,0,0,0,0
qwen72b,Qwen/Qwen2.5-72B-Instruct,redundancy,patient_10,2,1,2026-05-22T02:35:47.007180,1,1,0,0.0,0,0,0,0
qwen72b,Qwen/Qwen2.5-72B-Instruct,redundancy,patient_10,2,1,2026-05-22T02:35:49.637861,1,1,0,0.0,0,0,0,0
qwen72b,Qwen/Qwen2.5-72B-Instruct,redundancy,patient_10,2,2,2026-05-22T02:35:57.595368,1,1,0,0.0,0,0,0,0
qwen72b,Qwen/Qwen2.5-72B-Instruct,redundancy,patient_10,2,2,2026-05-22T02:36:00.728450,1,1,0,0.0,0,0,0,0
qwen72b,Qwen/Qwen2.5-72B-Instruct,redundancy,patient_10,2,3,2026-05-22T02:36:06.325674,1,1,0,0.0,0,0,0,0
qwen72b,Qwen/Qwen2.5-72B-Instruct,redundancy,patient_10,2,3,2026-05-22T02:36:10.231514,1,1,0,0.0,0,0,0,0
qwen72b,Qwen/Qwen2.5-72B-Instruct,redundancy,patient_10,5,1,2026-05-22T02:36:14.811004,1,1,0,0.0,0,0,0,0
qwen72b,Qwen/Qwen2.5-72B-Instruct,redundancy,patient_10,5,1,2026-05-22T02:36:19.255496,1,1,0,0.0,0,0,0,0
qwen72b,Qwen/Qwen2.5-72B-Instruct,redundancy,patient_10,5,2,2026-05-22T02:36:22.427406,1,1,0,0.0,0,0,0,0
qwen72b,Qwen/Qwen2.5-72B-Instruct,redundancy,patient_10,5,2,2026-05-22T02:36:25.805256,1,1,0,0.0,0,0,0,0
qwen72b,Qwen/Qwen2.5-72B-Instruct,redundancy,patient_10,5,3,2026-05-22T02:36:31.213665,1,1,0,0.0,0,0,0,0
qwen72b,Qwen/Qwen2.5-72B-Instruct,redundancy,patient_10,5,3,2026-05-22T02:36:35.790169,1,1,0,0.0,0,0,0,0
qwen72b,Qwen/Qwen2.5-72B-Instruct,redundancy,patient_10,10,1,2026-05-22T02:36:38.678092,1,1,0,0.0,0,0,0,0
qwen72b,Qwen/Qwen2.5-72B-Instruct,redundancy,patient_10,10,1,2026-05-22T02:36:44.607507,1,1,0,0.0,0,0,0,0
qwen72b,Qwen/Qwen2.5-72B-Instruct,redundancy,patient_10,10,2,2026-05-22T02:36:47.505514,1,1,0,0.0,0,0,0,0
qwen72b,Qwen/Qwen2.5-72B-Instruct,redundancy,patient_10,10,2,2026-05-22T02:36:54.565142,1,1,0,0.0,0,0,0,0
qwen72b,Qwen/Qwen2.5-72B-Instruct,redundancy,patient_10,10,3,2026-05-22T02:36:58.169026,1,1,0,0.0,0,0,0,0
qwen72b,Qwen/Qwen2.5-72B-Instruct,redundancy,patient_10,10,3,2026-05-22T02:37:00.812530,1,1,0,0.0,0,0,0,0
qwen72b,Qwen/Qwen2.5-72B-Instruct,redundancy,patient_10,16,1,2026-05-22T02:37:04.792847,1,1,0,0.0,0,0,0,0
qwen72b,Qwen/Qwen2.5-72B-Instruct,redundancy,patient_10,16,1,2026-05-22T02:37:07.725896,1,1,0,0.0,0,0,0,0
qwen72b,Qwen/Qwen2.5-72B-Instruct,redundancy,patient_10,16,2,2026-05-22T02:37:12.903631,1,1,0,0.0,0,0,0,0
qwen72b,Qwen/Qwen2.5-72B-Instruct,redundancy,patient_10,16,2,2026-05-22T02:37:18.960179,1,1,0,0.0,0,0,0,0
qwen72b,Qwen/Qwen2.5-72B-Instruct,redundancy,patient_10,16,3,2026-05-22T02:37:23.121797,1,1,0,0.0,0,0,0,0
qwen72b,Qwen/Qwen2.5-72B-Instruct,redundancy,patient_10,16,3,2026-05-22T02:37:26.678531,1,1,0,0.0,0,0,0,0
qwen72b,Qwen/Qwen2.5-72B-Instruct,filler_control,patient_01,2,1,2026-05-22T02:37:29.304010,1,1,0,0.0,0,0,0,0
qwen72b,Qwen/Qwen2.5-72B-Instruct,filler_control,patient_01,2,1,2026-05-22T02:37:31.352328,1,1,0,0.0,0,0,0,0
qwen72b,Qwen/Qwen2.5-72B-Instruct,filler_control,patient_01,2,2,2026-05-22T02:37:34.006641,1,1,0,0.0,0,0,0,0
qwen72b,Qwen/Qwen2.5-72B-Instruct,filler_control,patient_01,2,2,2026-05-22T02:37:37.743939,1,1,0,0.0,0,0,0,0
qwen72b,Qwen/Qwen2.5-72B-Instruct,filler_control,patient_01,2,3,2026-05-22T02:37:41.791696,1,1,0,0.0,0,0,0,0
qwen72b,Qwen/Qwen2.5-72B-Instruct,filler_control,patient_01,2,3,2026-05-22T02:37:44.376748,1,1,0,0.0,0,0,0,0
qwen72b,Qwen/Qwen2.5-72B-Instruct,filler_control,patient_01,5,1,2026-05-22T02:37:49.881951,1,1,0,0.0,0,0,0,0
qwen72b,Qwen/Qwen2.5-72B-Instruct,filler_control,patient_01,5,1,2026-05-22T02:37:52.753726,1,1,0,0.0,0,0,0,0
qwen72b,Qwen/Qwen2.5-72B-Instruct,filler_control,patient_01,5,2,2026-05-22T02:37:56.742996,1,1,0,0.0,0,0,0,0
qwen72b,Qwen/Qwen2.5-72B-Instruct,filler_control,patient_01,5,2,2026-05-22T02:37:59.311314,1,1,0,0.0,0,0,0,0
qwen72b,Qwen/Qwen2.5-72B-Instruct,filler_control,patient_01,5,3,2026-05-22T02:38:05.432422,1,1,0,0.0,0,0,0,0
qwen72b,Qwen/Qwen2.5-72B-Instruct,filler_control,patient_01,5,3,2026-05-22T02:38:08.531887,1,1,0,0.0,0,0,0,0
qwen72b,Qwen/Qwen2.5-72B-Instruct,filler_control,patient_01,10,1,2026-05-22T02:38:13.269748,1,1,0,0.0,0,0,0,0
qwen72b,Qwen/Qwen2.5-72B-Instruct,filler_control,patient_01,10,1,2026-05-22T02:38:18.124650,1,1,0,0.0,0,0,0,0
qwen72b,Qwen/Qwen2.5-72B-Instruct,filler_control,patient_01,10,2,2026-05-22T02:38:25.211227,1,1,0,0.0,0,0,0,0
qwen72b,Qwen/Qwen2.5-72B-Instruct,filler_control,patient_01,10,2,2026-05-22T02:38:29.590659,1,1,0,0.0,0,0,0,0
qwen72b,Qwen/Qwen2.5-72B-Instruct,filler_control,patient_01,10,3,2026-05-22T02:38:32.632266,1,1,0,0.0,0,0,0,0
qwen72b,Qwen/Qwen2.5-72B-Instruct,filler_control,patient_01,10,3,2026-05-22T02:38:34.308910,1,1,0,0.0,0,0,0,0
qwen72b,Qwen/Qwen2.5-72B-Instruct,filler_control,patient_01,16,1,2026-05-22T02:38:42.999613,1,1,0,0.0,0,0,0,0
qwen72b,Qwen/Qwen2.5-72B-Instruct,filler_control,patient_01,16,1,2026-05-22T02:38:45.323420,1,1,0,0.0,0,0,0,0
qwen72b,Qwen/Qwen2.5-72B-Instruct,filler_control,patient_01,16,2,2026-05-22T02:38:49.403744,1,1,0,0.0,0,0,0,0
qwen72b,Qwen/Qwen2.5-72B-Instruct,filler_control,patient_01,16,2,2026-05-22T02:38:51.390775,1,1,0,0.0,0,0,0,0
qwen72b,Qwen/Qwen2.5-72B-Instruct,filler_control,patient_01,16,3,2026-05-22T02:38:53.921729,1,1,0,0.0,0,0,0,0
qwen72b,Qwen/Qwen2.5-72B-Instruct,filler_control,patient_01,16,3,2026-05-22T02:38:55.515450,1,1,0,0.0,0,0,0,0
qwen72b,Qwen/Qwen2.5-72B-Instruct,filler_control,patient_02,2,1,2026-05-22T02:38:57.393926,1,1,0,0.0,0,0,0,0
qwen72b,Qwen/Qwen2.5-72B-Instruct,filler_control,patient_02,2,1,2026-05-22T02:38:59.765153,1,1,0,0.0,0,0,0,0
qwen72b,Qwen/Qwen2.5-72B-Instruct,filler_control,patient_02,2,2,2026-05-22T02:39:01.093046,1,1,0,0.0,0,0,0,0
qwen72b,Qwen/Qwen2.5-72B-Instruct,filler_control,patient_02,2,2,2026-05-22T02:39:02.804013,1,1,0,0.0,0,0,0,0
qwen72b,Qwen/Qwen2.5-72B-Instruct,filler_control,patient_02,2,3,2026-05-22T02:39:04.090710,1,1,0,0.0,0,0,0,0
qwen72b,Qwen/Qwen2.5-72B-Instruct,filler_control,patient_02,2,3,2026-05-22T02:39:06.858244,1,1,0,0.0,0,0,0,0
qwen72b,Qwen/Qwen2.5-72B-Instruct,filler_control,patient_02,5,1,2026-05-22T02:39:07.944162,1,1,0,0.0,0,0,0,0
qwen72b,Qwen/Qwen2.5-72B-Instruct,filler_control,patient_02,5,1,2026-05-22T02:39:09.958462,1,1,0,0.0,0,0,0,0
qwen72b,Qwen/Qwen2.5-72B-Instruct,filler_control,patient_02,5,2,2026-05-22T02:39:12.444336,1,1,0,0.0,0,0,0,0
qwen72b,Qwen/Qwen2.5-72B-Instruct,filler_control,patient_02,5,2,2026-05-22T02:39:14.574181,1,1,0,0.0,0,0,0,0
qwen72b,Qwen/Qwen2.5-72B-Instruct,filler_control,patient_02,5,3,2026-05-22T02:39:16.610965,1,1,0,0.0,0,0,0,0
qwen72b,Qwen/Qwen2.5-72B-Instruct,filler_control,patient_02,5,3,2026-05-22T02:39:17.908173,1,1,0,0.0,0,0,0,0
qwen72b,Qwen/Qwen2.5-72B-Instruct,filler_control,patient_02,10,1,2026-05-22T02:39:23.482531,1,1,0,0.0,0,0,0,0
qwen72b,Qwen/Qwen2.5-72B-Instruct,filler_control,patient_02,10,2,2026-05-22T02:39:26.540043,1,1,0,0.0,0,0,0,0
qwen72b,Qwen/Qwen2.5-72B-Instruct,filler_control,patient_02,10,1,2026-05-22T02:39:26.854624,1,1,0,0.0,0,0,0,0
qwen72b,Qwen/Qwen2.5-72B-Instruct,filler_control,patient_02,10,3,2026-05-22T02:39:34.276076,1,1,0,0.0,0,0,0,0
qwen72b,Qwen/Qwen2.5-72B-Instruct,filler_control,patient_02,10,3,2026-05-22T02:39:34.275560,1,1,0,0.0,0,0,0,0
qwen72b,Qwen/Qwen2.5-72B-Instruct,filler_control,patient_02,16,1,2026-05-22T02:39:39.411223,1,1,0,0.0,0,0,0,0
qwen72b,Qwen/Qwen2.5-72B-Instruct,filler_control,patient_02,16,1,2026-05-22T02:39:39.531571,1,1,0,0.0,0,0,0,0
qwen72b,Qwen/Qwen2.5-72B-Instruct,filler_control,patient_02,16,2,2026-05-22T02:39:45.801893,1,1,0,0.0,0,0,0,0
qwen72b,Qwen/Qwen2.5-72B-Instruct,filler_control,patient_02,16,2,2026-05-22T02:39:47.115737,1,1,0,0.0,0,0,0,0
qwen72b,Qwen/Qwen2.5-72B-Instruct,filler_control,patient_02,16,3,2026-05-22T02:39:50.735431,1,1,0,0.0,0,0,0,0
qwen72b,Qwen/Qwen2.5-72B-Instruct,filler_control,patient_02,16,3,2026-05-22T02:39:51.316322,1,1,0,0.0,0,0,0,0
qwen72b,Qwen/Qwen2.5-72B-Instruct,filler_control,patient_03,2,1,2026-05-22T02:39:56.103277,1,1,0,0.0,0,0,0,0
qwen72b,Qwen/Qwen2.5-72B-Instruct,filler_control,patient_03,2,1,2026-05-22T02:39:56.960604,1,1,0,0.0,0,0,0,0
qwen72b,Qwen/Qwen2.5-72B-Instruct,filler_control,patient_03,2,2,2026-05-22T02:40:01.724594,1,1,0,0.0,0,0,0,0
qwen72b,Qwen/Qwen2.5-72B-Instruct,filler_control,patient_03,2,2,2026-05-22T02:40:02.365712,1,1,0,0.0,0,0,0,0
qwen72b,Qwen/Qwen2.5-72B-Instruct,filler_control,patient_03,2,3,2026-05-22T02:40:08.161529,1,1,0,0.0,0,0,0,0
qwen72b,Qwen/Qwen2.5-72B-Instruct,filler_control,patient_03,2,3,2026-05-22T02:40:11.160540,1,1,0,0.0,0,0,0,0
qwen72b,Qwen/Qwen2.5-72B-Instruct,filler_control,patient_03,5,1,2026-05-22T02:40:16.352498,1,1,0,0.0,0,0,0,0
qwen72b,Qwen/Qwen2.5-72B-Instruct,filler_control,patient_03,5,1,2026-05-22T02:40:16.893920,1,1,0,0.0,0,0,0,0
qwen72b,Qwen/Qwen2.5-72B-Instruct,filler_control,patient_03,5,2,2026-05-22T02:40:21.614553,1,1,0,0.0,0,0,0,0
qwen72b,Qwen/Qwen2.5-72B-Instruct,filler_control,patient_03,5,2,2026-05-22T02:40:22.188604,1,1,0,0.0,0,0,0,0
qwen72b,Qwen/Qwen2.5-72B-Instruct,filler_control,patient_03,5,3,2026-05-22T02:40:27.023616,1,1,0,0.0,0,0,0,0
qwen72b,Qwen/Qwen2.5-72B-Instruct,filler_control,patient_03,5,3,2026-05-22T02:40:27.524768,1,1,0,0.0,0,0,0,0
qwen72b,Qwen/Qwen2.5-72B-Instruct,filler_control,patient_03,10,1,2026-05-22T02:40:36.698809,1,1,0,0.0,0,0,0,0
qwen72b,Qwen/Qwen2.5-72B-Instruct,filler_control,patient_03,10,1,2026-05-22T02:40:36.925738,1,1,0,0.0,0,0,0,0
qwen72b,Qwen/Qwen2.5-72B-Instruct,filler_control,patient_03,10,2,2026-05-22T02:40:42.890015,1,1,0,0.0,0,0,0,0
qwen72b,Qwen/Qwen2.5-72B-Instruct,filler_control,patient_03,10,2,2026-05-22T02:40:42.899517,1,1,0,0.0,0,0,0,0
qwen72b,Qwen/Qwen2.5-72B-Instruct,filler_control,patient_03,10,3,2026-05-22T02:40:50.343243,1,1,0,0.0,0,0,0,0
qwen72b,Qwen/Qwen2.5-72B-Instruct,filler_control,patient_03,16,1,2026-05-22T02:41:03.487776,1,1,0,0.0,0,0,0,0
qwen72b,Qwen/Qwen2.5-72B-Instruct,filler_control,patient_03,16,2,2026-05-22T02:41:11.907781,1,1,0,0.0,0,0,0,0
qwen72b,Qwen/Qwen2.5-72B-Instruct,filler_control,patient_03,16,3,2026-05-22T02:41:18.786542,1,1,0,0.0,0,0,0,0
qwen72b,Qwen/Qwen2.5-72B-Instruct,filler_control,patient_04,2,1,2026-05-22T02:41:22.717502,1,1,0,0.0,0,0,0,0
qwen72b,Qwen/Qwen2.5-72B-Instruct,filler_control,patient_04,2,2,2026-05-22T02:41:25.786412,1,1,0,0.0,0,0,0,0
qwen72b,Qwen/Qwen2.5-72B-Instruct,filler_control,patient_04,2,3,2026-05-22T02:41:30.211146,1,1,0,0.0,0,0,0,0
qwen72b,Qwen/Qwen2.5-72B-Instruct,filler_control,patient_04,5,1,2026-05-22T02:41:33.398714,1,1,0,0.0,0,0,0,0
qwen72b,Qwen/Qwen2.5-72B-Instruct,filler_control,patient_04,5,2,2026-05-22T02:41:37.304759,1,1,0,0.0,0,0,0,0
qwen72b,Qwen/Qwen2.5-72B-Instruct,filler_control,patient_04,5,3,2026-05-22T02:41:45.472501,1,1,0,0.0,0,0,0,0
qwen72b,Qwen/Qwen2.5-72B-Instruct,filler_control,patient_04,10,1,2026-05-22T02:41:49.120492,1,1,0,0.0,0,0,0,0
qwen72b,Qwen/Qwen2.5-72B-Instruct,filler_control,patient_04,10,2,2026-05-22T02:41:52.478096,1,1,0,0.0,0,0,0,0
qwen72b,Qwen/Qwen2.5-72B-Instruct,filler_control,patient_04,10,3,2026-05-22T02:41:59.426603,1,1,0,0.0,0,0,0,0
qwen72b,Qwen/Qwen2.5-72B-Instruct,filler_control,patient_04,16,1,2026-05-22T02:42:04.649044,1,1,0,0.0,0,0,0,0
qwen72b,Qwen/Qwen2.5-72B-Instruct,filler_control,patient_04,16,2,2026-05-22T02:42:08.957374,1,1,0,0.0,0,0,0,0
qwen72b,Qwen/Qwen2.5-72B-Instruct,filler_control,patient_04,16,3,2026-05-22T02:42:13.765276,1,1,0,0.0,0,0,0,0
qwen72b,Qwen/Qwen2.5-72B-Instruct,filler_control,patient_05,2,1,2026-05-22T02:42:19.130315,1,1,0,0.0,0,0,0,0
qwen72b,Qwen/Qwen2.5-72B-Instruct,filler_control,patient_05,2,2,2026-05-22T02:42:23.890546,1,1,0,0.0,0,0,0,0
qwen72b,Qwen/Qwen2.5-72B-Instruct,filler_control,patient_05,2,3,2026-05-22T02:42:30.857140,1,1,0,0.0,0,0,0,0
qwen72b,Qwen/Qwen2.5-72B-Instruct,filler_control,patient_05,5,1,2026-05-22T02:42:34.978690,1,1,0,0.0,0,0,0,0
qwen72b,Qwen/Qwen2.5-72B-Instruct,filler_control,patient_05,5,2,2026-05-22T02:42:39.568355,1,1,0,0.0,0,0,0,0
qwen72b,Qwen/Qwen2.5-72B-Instruct,filler_control,patient_05,5,3,2026-05-22T02:42:44.196506,1,1,0,0.0,0,0,0,0
qwen72b,Qwen/Qwen2.5-72B-Instruct,filler_control,patient_05,10,1,2026-05-22T02:42:51.148275,1,1,0,0.0,0,0,0,0
qwen72b,Qwen/Qwen2.5-72B-Instruct,filler_control,patient_05,10,2,2026-05-22T02:42:56.096947,1,1,0,0.0,0,0,0,0
qwen72b,Qwen/Qwen2.5-72B-Instruct,filler_control,patient_05,10,3,2026-05-22T02:43:02.254195,1,1,0,0.0,0,0,0,0
qwen72b,Qwen/Qwen2.5-72B-Instruct,filler_control,patient_05,16,1,2026-05-22T02:43:09.409057,1,1,0,0.0,0,0,0,0
qwen72b,Qwen/Qwen2.5-72B-Instruct,filler_control,patient_05,16,2,2026-05-22T02:43:15.006608,1,1,0,0.0,0,0,0,0
qwen72b,Qwen/Qwen2.5-72B-Instruct,filler_control,patient_05,16,3,2026-05-22T02:43:19.298291,1,1,0,0.0,0,0,0,0
qwen72b,Qwen/Qwen2.5-72B-Instruct,filler_control,patient_06,2,1,2026-05-22T02:43:23.473914,1,1,0,0.0,0,0,0,0
qwen72b,Qwen/Qwen2.5-72B-Instruct,filler_control,patient_06,2,2,2026-05-22T02:43:34.309540,1,1,0,0.0,0,0,0,0
qwen72b,Qwen/Qwen2.5-72B-Instruct,filler_control,patient_06,2,3,2026-05-22T02:43:41.372655,1,1,0,0.0,0,0,0,0
qwen72b,Qwen/Qwen2.5-72B-Instruct,filler_control,patient_06,5,1,2026-05-22T02:43:46.640964,1,1,0,0.0,0,0,0,0
qwen72b,Qwen/Qwen2.5-72B-Instruct,filler_control,patient_06,5,2,2026-05-22T02:43:50.105641,1,1,0,0.0,0,0,0,0
qwen72b,Qwen/Qwen2.5-72B-Instruct,filler_control,patient_06,5,3,2026-05-22T02:43:55.699538,1,1,0,0.0,0,0,0,0
qwen72b,Qwen/Qwen2.5-72B-Instruct,filler_control,patient_06,10,1,2026-05-22T02:44:00.930480,1,1,0,0.0,0,0,0,0
qwen72b,Qwen/Qwen2.5-72B-Instruct,filler_control,patient_06,10,2,2026-05-22T02:44:04.278651,1,1,0,0.0,0,0,0,0
qwen72b,Qwen/Qwen2.5-72B-Instruct,filler_control,patient_06,10,2,2026-05-22T02:44:08.800498,1,1,0,0.0,0,0,0,0
qwen72b,Qwen/Qwen2.5-72B-Instruct,filler_control,patient_06,10,3,2026-05-22T02:44:08.906585,1,1,0,0.0,0,0,0,0
qwen72b,Qwen/Qwen2.5-72B-Instruct,filler_control,patient_06,10,3,2026-05-22T02:44:14.001801,1,1,0,0.0,0,0,0,0
qwen72b,Qwen/Qwen2.5-72B-Instruct,filler_control,patient_06,16,1,2026-05-22T02:44:14.095896,1,1,0,0.0,0,0,0,0
qwen72b,Qwen/Qwen2.5-72B-Instruct,filler_control,patient_06,16,1,2026-05-22T02:44:19.712069,1,1,0,0.0,0,0,0,0
qwen72b,Qwen/Qwen2.5-72B-Instruct,filler_control,patient_06,16,2,2026-05-22T02:44:19.722421,1,1,0,0.0,0,0,0,0
qwen72b,Qwen/Qwen2.5-72B-Instruct,filler_control,patient_06,16,3,2026-05-22T02:44:25.008297,1,1,0,0.0,0,0,0,0
qwen72b,Qwen/Qwen2.5-72B-Instruct,filler_control,patient_06,16,3,2026-05-22T02:44:25.799972,1,1,0,0.0,0,0,0,0
qwen72b,Qwen/Qwen2.5-72B-Instruct,filler_control,patient_07,2,1,2026-05-22T02:44:33.043968,1,1,0,0.0,0,0,0,0
qwen72b,Qwen/Qwen2.5-72B-Instruct,filler_control,patient_07,2,1,2026-05-22T02:44:33.423671,1,1,0,0.0,0,0,0,0
qwen72b,Qwen/Qwen2.5-72B-Instruct,filler_control,patient_07,2,2,2026-05-22T02:44:38.662424,1,1,0,0.0,0,0,0,0
qwen72b,Qwen/Qwen2.5-72B-Instruct,filler_control,patient_07,2,2,2026-05-22T02:44:39.149687,1,1,0,0.0,0,0,0,0
qwen72b,Qwen/Qwen2.5-72B-Instruct,filler_control,patient_07,2,3,2026-05-22T02:44:48.058062,1,1,0,0.0,0,0,0,0
qwen72b,Qwen/Qwen2.5-72B-Instruct,filler_control,patient_07,2,3,2026-05-22T02:44:48.322879,1,1,0,0.0,0,0,0,0
qwen72b,Qwen/Qwen2.5-72B-Instruct,filler_control,patient_07,5,1,2026-05-22T02:44:53.150949,1,1,0,0.0,0,0,0,0
qwen72b,Qwen/Qwen2.5-72B-Instruct,filler_control,patient_07,5,1,2026-05-22T02:44:53.561878,1,1,0,0.0,0,0,0,0
qwen72b,Qwen/Qwen2.5-72B-Instruct,filler_control,patient_07,5,2,2026-05-22T02:45:01.762933,1,1,0,0.0,0,0,0,0
qwen72b,Qwen/Qwen2.5-72B-Instruct,filler_control,patient_07,5,2,2026-05-22T02:45:02.373494,1,1,0,0.0,0,0,0,0
qwen72b,Qwen/Qwen2.5-72B-Instruct,filler_control,patient_07,5,3,2026-05-22T02:45:08.966826,1,1,0,0.0,0,0,0,0
qwen72b,Qwen/Qwen2.5-72B-Instruct,filler_control,patient_07,5,3,2026-05-22T02:45:09.729756,1,1,0,0.0,0,0,0,0
qwen72b,Qwen/Qwen2.5-72B-Instruct,filler_control,patient_07,10,1,2026-05-22T02:45:14.462360,1,1,0,0.0,0,0,0,0
qwen72b,Qwen/Qwen2.5-72B-Instruct,filler_control,patient_07,10,1,2026-05-22T02:45:15.602615,1,1,0,0.0,0,0,0,0
qwen72b,Qwen/Qwen2.5-72B-Instruct,filler_control,patient_07,10,2,2026-05-22T02:45:19.775846,1,1,0,0.0,0,0,0,0
qwen72b,Qwen/Qwen2.5-72B-Instruct,filler_control,patient_07,10,2,2026-05-22T02:45:20.088524,1,1,0,0.0,0,0,0,0
qwen72b,Qwen/Qwen2.5-72B-Instruct,filler_control,patient_07,10,3,2026-05-22T02:45:25.558956,1,1,0,0.0,0,0,0,0
qwen72b,Qwen/Qwen2.5-72B-Instruct,filler_control,patient_07,10,3,2026-05-22T02:45:25.752462,1,1,0,0.0,0,0,0,0
qwen72b,Qwen/Qwen2.5-72B-Instruct,filler_control,patient_07,16,1,2026-05-22T02:45:29.930927,1,1,0,0.0,0,0,0,0
qwen72b,Qwen/Qwen2.5-72B-Instruct,filler_control,patient_07,16,1,2026-05-22T02:45:30.147363,1,1,0,0.0,0,0,0,0
qwen72b,Qwen/Qwen2.5-72B-Instruct,filler_control,patient_07,16,2,2026-05-22T02:45:35.535835,1,1,0,0.0,0,0,0,0
qwen72b,Qwen/Qwen2.5-72B-Instruct,filler_control,patient_07,16,2,2026-05-22T02:45:35.596103,1,1,0,0.0,0,0,0,0
qwen72b,Qwen/Qwen2.5-72B-Instruct,filler_control,patient_07,16,3,2026-05-22T02:45:40.846764,1,1,0,0.0,0,0,0,0
qwen72b,Qwen/Qwen2.5-72B-Instruct,filler_control,patient_07,16,3,2026-05-22T02:45:40.920765,1,1,0,0.0,0,0,0,0
qwen72b,Qwen/Qwen2.5-72B-Instruct,filler_control,patient_08,2,1,2026-05-22T02:45:46.631345,1,1,0,0.0,0,0,0,0
qwen72b,Qwen/Qwen2.5-72B-Instruct,filler_control,patient_08,2,1,2026-05-22T02:45:46.659267,1,1,0,0.0,0,0,0,0
qwen72b,Qwen/Qwen2.5-72B-Instruct,filler_control,patient_08,2,2,2026-05-22T02:45:51.532638,1,1,0,0.0,0,0,0,0
qwen72b,Qwen/Qwen2.5-72B-Instruct,filler_control,patient_08,2,2,2026-05-22T02:45:51.532096,1,1,0,0.0,0,0,0,0
qwen72b,Qwen/Qwen2.5-72B-Instruct,filler_control,patient_08,2,3,2026-05-22T02:45:57.009909,1,1,0,0.0,0,0,0,0
qwen72b,Qwen/Qwen2.5-72B-Instruct,filler_control,patient_08,2,3,2026-05-22T02:45:57.048012,1,1,0,0.0,0,0,0,0
qwen72b,Qwen/Qwen2.5-72B-Instruct,filler_control,patient_08,5,1,2026-05-22T02:46:02.888155,1,1,0,0.0,0,0,0,0
qwen72b,Qwen/Qwen2.5-72B-Instruct,filler_control,patient_08,5,1,2026-05-22T02:46:03.083951,1,1,0,0.0,0,0,0,0
qwen72b,Qwen/Qwen2.5-72B-Instruct,filler_control,patient_08,5,2,2026-05-22T02:46:07.216934,1,1,0,0.0,0,0,0,0
qwen72b,Qwen/Qwen2.5-72B-Instruct,filler_control,patient_08,5,2,2026-05-22T02:46:07.323530,1,1,0,0.0,0,0,0,0
qwen72b,Qwen/Qwen2.5-72B-Instruct,filler_control,patient_08,5,3,2026-05-22T02:46:12.607015,1,1,0,0.0,0,0,0,0
qwen72b,Qwen/Qwen2.5-72B-Instruct,filler_control,patient_08,5,3,2026-05-22T02:46:12.623608,1,1,0,0.0,0,0,0,0
qwen72b,Qwen/Qwen2.5-72B-Instruct,filler_control,patient_08,10,1,2026-05-22T02:46:21.417963,1,1,0,0.0,0,0,0,0
qwen72b,Qwen/Qwen2.5-72B-Instruct,filler_control,patient_08,10,2,2026-05-22T02:46:25.441789,1,1,0,0.0,0,0,0,0
qwen72b,Qwen/Qwen2.5-72B-Instruct,filler_control,patient_08,10,3,2026-05-22T02:46:51.917735,1,1,0,0.0,0,0,0,0
qwen72b,Qwen/Qwen2.5-72B-Instruct,filler_control,patient_08,16,1,2026-05-22T02:46:59.671104,1,1,0,0.0,0,0,0,0
qwen72b,Qwen/Qwen2.5-72B-Instruct,filler_control,patient_08,16,2,2026-05-22T02:47:12.158483,1,1,0,0.0,0,0,0,0
qwen72b,Qwen/Qwen2.5-72B-Instruct,filler_control,patient_08,16,3,2026-05-22T02:47:23.993345,1,1,0,0.0,0,0,0,0
qwen72b,Qwen/Qwen2.5-72B-Instruct,filler_control,patient_09,2,1,2026-05-22T02:47:39.364379,1,1,0,0.0,0,0,0,0
qwen72b,Qwen/Qwen2.5-72B-Instruct,filler_control,patient_09,2,2,2026-05-22T02:47:47.003618,1,1,0,0.0,0,0,0,0
qwen72b,Qwen/Qwen2.5-72B-Instruct,filler_control,patient_09,2,3,2026-05-22T02:47:50.918976,1,1,0,0.0,0,0,0,0
qwen72b,Qwen/Qwen2.5-72B-Instruct,filler_control,patient_09,5,1,2026-05-22T02:48:02.185553,1,1,0,0.0,0,0,0,0
qwen72b,Qwen/Qwen2.5-72B-Instruct,filler_control,patient_09,5,2,2026-05-22T02:48:10.843580,1,1,0,0.0,0,0,0,0
qwen72b,Qwen/Qwen2.5-72B-Instruct,filler_control,patient_09,5,3,2026-05-22T02:48:20.541368,1,1,0,0.0,0,0,0,0
qwen72b,Qwen/Qwen2.5-72B-Instruct,filler_control,patient_09,10,1,2026-05-22T02:48:27.172285,1,1,0,0.0,0,0,0,0
qwen72b,Qwen/Qwen2.5-72B-Instruct,filler_control,patient_09,10,2,2026-05-22T02:48:36.175914,1,1,0,0.0,0,0,0,0
qwen72b,Qwen/Qwen2.5-72B-Instruct,filler_control,patient_09,10,3,2026-05-22T02:48:40.597050,1,1,0,0.0,0,0,0,0
qwen72b,Qwen/Qwen2.5-72B-Instruct,filler_control,patient_09,16,1,2026-05-22T02:48:46.735836,1,1,0,0.0,0,0,0,0
qwen72b,Qwen/Qwen2.5-72B-Instruct,filler_control,patient_09,16,2,2026-05-22T02:48:54.245582,1,1,0,0.0,0,0,0,0
qwen72b,Qwen/Qwen2.5-72B-Instruct,filler_control,patient_09,16,3,2026-05-22T02:49:06.077206,1,1,0,0.0,0,0,0,0
qwen72b,Qwen/Qwen2.5-72B-Instruct,filler_control,patient_10,2,1,2026-05-22T02:49:18.796036,1,1,0,0.0,0,0,0,0
qwen72b,Qwen/Qwen2.5-72B-Instruct,filler_control,patient_10,2,2,2026-05-22T02:49:34.629552,1,1,0,0.0,0,0,0,0
qwen72b,Qwen/Qwen2.5-72B-Instruct,filler_control,patient_10,2,3,2026-05-22T02:49:49.196184,1,1,0,0.0,0,0,0,0
qwen72b,Qwen/Qwen2.5-72B-Instruct,filler_control,patient_10,5,1,2026-05-22T02:50:05.268857,1,1,0,0.0,0,0,0,0
qwen72b,Qwen/Qwen2.5-72B-Instruct,filler_control,patient_10,5,2,2026-05-22T02:50:29.945058,1,1,0,0.0,0,0,0,0
qwen72b,Qwen/Qwen2.5-72B-Instruct,filler_control,patient_10,5,3,2026-05-22T02:50:42.439180,1,1,0,0.0,0,0,0,0
qwen72b,Qwen/Qwen2.5-72B-Instruct,filler_control,patient_10,10,1,2026-05-22T02:51:01.906034,1,1,0,0.0,0,0,0,0
qwen72b,Qwen/Qwen2.5-72B-Instruct,filler_control,patient_10,10,2,2026-05-22T02:51:12.653947,1,1,0,0.0,0,0,0,0
qwen72b,Qwen/Qwen2.5-72B-Instruct,filler_control,patient_10,10,3,2026-05-22T02:51:22.347305,1,1,0,0.0,0,0,0,0
qwen72b,Qwen/Qwen2.5-72B-Instruct,filler_control,patient_10,16,1,2026-05-22T02:51:30.814307,1,1,0,0.0,0,0,0,0
qwen72b,Qwen/Qwen2.5-72B-Instruct,filler_control,patient_10,16,2,2026-05-22T02:51:38.530532,1,1,0,0.0,0,0,0,0
qwen72b,Qwen/Qwen2.5-72B-Instruct,filler_control,patient_10,16,3,2026-05-22T02:51:46.813119,1,1,0,0.0,0,0,0,0
