run_id,patient_id,condition,repetition,run,raw_valid_json,repair_needed,structural_drift_score
20260522_224913,patient_01,section_redundancy,1,1,1,0,0.0
20260522_224913,patient_01,filler_control,1,1,1,0,0.0
20260522_224913,patient_01,section_redundancy,5,1,1,0,0.0
20260522_224913,patient_01,filler_control,5,1,1,0,0.0
20260522_224913,patient_01,section_redundancy,10,1,1,0,0.0
20260522_224913,patient_01,filler_control,10,1,1,0,0.0
20260522_224913,patient_01,section_redundancy,16,1,1,0,0.0
20260522_224913,patient_01,filler_control,16,1,1,0,0.0
20260522_224913,patient_02,section_redundancy,1,1,1,0,0.0
20260522_224913,patient_02,filler_control,1,1,1,0,0.0
20260522_224913,patient_02,section_redundancy,5,1,1,0,0.0
20260522_224913,patient_02,filler_control,5,1,1,0,0.0
20260522_224913,patient_02,section_redundancy,10,1,1,0,0.0
20260522_224913,patient_02,filler_control,10,1,1,0,0.0
20260522_224913,patient_02,section_redundancy,16,1,1,0,0.0
20260522_224913,patient_02,filler_control,16,1,1,0,0.0
20260522_224913,patient_03,section_redundancy,1,1,1,0,0.0
20260522_224913,patient_03,filler_control,1,1,1,0,0.0
20260522_224913,patient_03,section_redundancy,5,1,1,0,0.0
20260522_224913,patient_03,filler_control,5,1,1,0,0.0
20260522_224913,patient_03,section_redundancy,10,1,1,0,0.0
20260522_224913,patient_03,filler_control,10,1,1,0,0.0
20260522_224913,patient_03,section_redundancy,16,1,1,0,0.0
20260522_224913,patient_03,filler_control,16,1,1,0,0.0
20260522_224913,patient_04,section_redundancy,1,1,1,0,0.0
20260522_224913,patient_04,filler_control,1,1,1,0,0.0
20260522_224913,patient_04,section_redundancy,5,1,1,0,0.0
20260522_224913,patient_04,filler_control,5,1,1,0,0.0
20260522_224913,patient_04,section_redundancy,10,1,1,0,0.0
20260522_224913,patient_04,filler_control,10,1,1,0,0.0
20260522_224913,patient_04,section_redundancy,16,1,1,0,0.0
20260522_224913,patient_04,filler_control,16,1,1,0,0.0
20260522_224913,patient_05,section_redundancy,1,1,1,0,0.0
20260522_224913,patient_05,filler_control,1,1,1,0,0.0
20260522_224913,patient_05,section_redundancy,5,1,1,0,0.0
20260522_224913,patient_05,filler_control,5,1,1,0,0.0
20260522_224913,patient_05,section_redundancy,10,1,1,0,0.0
20260522_224913,patient_05,filler_control,10,1,1,0,0.0
20260522_224913,patient_05,section_redundancy,16,1,1,0,0.0
20260522_224913,patient_05,filler_control,16,1,1,0,0.0
20260522_224913,patient_06,section_redundancy,1,1,1,0,0.0
20260522_224913,patient_06,filler_control,1,1,1,0,0.0
20260522_224913,patient_06,section_redundancy,5,1,1,0,0.0
20260522_224913,patient_06,filler_control,5,1,1,0,0.0
20260522_224913,patient_06,section_redundancy,10,1,1,0,0.0
20260522_224913,patient_06,filler_control,10,1,1,0,0.0
20260522_224913,patient_06,section_redundancy,16,1,1,0,0.0
20260522_224913,patient_06,filler_control,16,1,1,0,0.0
20260522_224913,patient_07,section_redundancy,1,1,1,0,0.0
20260522_224913,patient_07,filler_control,1,1,1,0,0.0
20260522_224913,patient_07,section_redundancy,5,1,1,0,0.0
20260522_224913,patient_07,filler_control,5,1,1,0,0.0
20260522_224913,patient_07,section_redundancy,10,1,1,0,0.0
20260522_224913,patient_07,filler_control,10,1,1,0,0.0
20260522_224913,patient_07,section_redundancy,16,1,1,0,0.0
20260522_224913,patient_07,filler_control,16,1,1,0,0.0
20260522_224913,patient_08,section_redundancy,1,1,1,0,0.0
20260522_224913,patient_08,filler_control,1,1,1,0,0.0
20260522_224913,patient_08,section_redundancy,5,1,1,0,0.0
20260522_224913,patient_08,filler_control,5,1,1,0,0.0
20260522_224913,patient_08,section_redundancy,10,1,1,0,0.0
20260522_224913,patient_08,filler_control,10,1,1,0,0.0
20260522_224913,patient_08,section_redundancy,16,1,1,0,0.0
20260522_224913,patient_08,filler_control,16,1,1,0,0.0
20260522_224913,patient_09,section_redundancy,1,1,1,0,0.0
20260522_224913,patient_09,filler_control,1,1,1,0,0.0
20260522_224913,patient_09,section_redundancy,5,1,1,0,0.0
20260522_224913,patient_09,filler_control,5,1,1,0,0.0
20260522_224913,patient_09,section_redundancy,10,1,1,0,0.0
20260522_224913,patient_09,filler_control,10,1,1,0,0.0
20260522_224913,patient_09,section_redundancy,16,1,1,0,0.0
20260522_224913,patient_09,filler_control,16,1,1,0,0.0
20260522_224913,patient_10,section_redundancy,1,1,1,0,0.0
20260522_224913,patient_10,filler_control,1,1,1,0,0.0
20260522_224913,patient_10,section_redundancy,5,1,1,0,0.0
20260522_224913,patient_10,filler_control,5,1,1,0,0.0
20260522_224913,patient_10,section_redundancy,10,1,1,0,0.0
20260522_224913,patient_10,filler_control,10,1,1,0,0.0
20260522_224913,patient_10,section_redundancy,16,1,1,0,0.0
20260522_224913,patient_10,filler_control,16,1,1,0,0.0
20260522_224913,patient_11,section_redundancy,1,1,1,0,0.0
20260522_224913,patient_11,filler_control,1,1,1,0,0.0
20260522_224913,patient_11,section_redundancy,5,1,1,0,0.0
20260522_224913,patient_11,filler_control,5,1,1,0,0.0
20260522_224913,patient_11,section_redundancy,10,1,1,0,0.0
20260522_224913,patient_11,filler_control,10,1,1,0,0.0
20260522_224913,patient_11,section_redundancy,16,1,1,0,0.0
20260522_224913,patient_11,filler_control,16,1,1,0,0.0
20260522_224913,patient_12,section_redundancy,1,1,1,0,0.0
20260522_224913,patient_12,filler_control,1,1,1,0,0.0
20260522_224913,patient_12,section_redundancy,5,1,1,0,0.0
20260522_224913,patient_12,filler_control,5,1,1,0,0.0
20260522_224913,patient_12,section_redundancy,10,1,1,0,0.0
20260522_224913,patient_12,filler_control,10,1,1,0,0.0
20260522_224913,patient_12,section_redundancy,16,1,1,0,0.0
20260522_224913,patient_12,filler_control,16,1,1,0,0.0
20260522_224913,patient_13,section_redundancy,1,1,1,0,0.0
20260522_224913,patient_13,filler_control,1,1,1,0,0.0
20260522_224913,patient_13,section_redundancy,5,1,1,0,0.0
20260522_224913,patient_13,filler_control,5,1,1,0,0.0
20260522_224913,patient_13,section_redundancy,10,1,1,0,0.0
20260522_224913,patient_13,filler_control,10,1,1,0,0.0
20260522_224913,patient_13,section_redundancy,16,1,1,0,0.0
20260522_224913,patient_13,filler_control,16,1,1,0,0.0
20260522_224913,patient_14,section_redundancy,1,1,1,0,0.0
20260522_224913,patient_14,filler_control,1,1,1,0,0.0
20260522_224913,patient_14,section_redundancy,5,1,1,0,0.0
20260522_224913,patient_14,filler_control,5,1,1,0,0.0
20260522_224913,patient_14,section_redundancy,10,1,1,0,0.0
20260522_224913,patient_14,filler_control,10,1,1,0,0.0
20260522_224913,patient_14,section_redundancy,16,1,1,0,0.0
20260522_224913,patient_14,filler_control,16,1,1,0,0.0
20260522_224913,patient_15,section_redundancy,1,1,1,0,0.0
20260522_224913,patient_15,filler_control,1,1,1,0,0.0
20260522_224913,patient_15,section_redundancy,5,1,1,0,0.0
20260522_224913,patient_15,filler_control,5,1,1,0,0.0
20260522_224913,patient_15,section_redundancy,10,1,1,0,0.0
20260522_224913,patient_15,filler_control,10,1,1,0,0.0
20260522_224913,patient_15,section_redundancy,16,1,1,0,0.0
20260522_224913,patient_15,filler_control,16,1,1,0,0.0
20260522_224913,patient_16,section_redundancy,1,1,1,0,0.0
20260522_224913,patient_16,filler_control,1,1,1,0,0.0
20260522_224913,patient_16,section_redundancy,5,1,1,0,0.0
20260522_224913,patient_16,filler_control,5,1,1,0,0.0
20260522_224913,patient_16,section_redundancy,10,1,1,0,0.0
20260522_224913,patient_16,filler_control,10,1,1,0,0.0
20260522_224913,patient_16,section_redundancy,16,1,1,0,0.0
20260522_224913,patient_16,filler_control,16,1,1,0,0.0
20260522_224913,patient_17,section_redundancy,1,1,1,0,0.0
20260522_224913,patient_17,filler_control,1,1,1,0,0.0
20260522_224913,patient_17,section_redundancy,5,1,1,0,0.0
20260522_224913,patient_17,filler_control,5,1,1,0,0.0
20260522_224913,patient_17,section_redundancy,10,1,1,0,0.0
20260522_224913,patient_17,filler_control,10,1,1,0,0.0
20260522_224913,patient_17,section_redundancy,16,1,1,0,0.0
20260522_224913,patient_17,filler_control,16,1,1,0,0.0
20260522_224913,patient_18,section_redundancy,1,1,1,0,0.0
20260522_224913,patient_18,filler_control,1,1,1,0,0.0
20260522_224913,patient_18,section_redundancy,5,1,1,0,0.0
20260522_224913,patient_18,filler_control,5,1,1,0,0.0
20260522_224913,patient_18,section_redundancy,10,1,1,0,0.0
20260522_224913,patient_18,filler_control,10,1,1,0,0.0
20260522_224913,patient_18,section_redundancy,16,1,1,0,0.0
20260522_224913,patient_18,filler_control,16,1,1,0,0.0
20260522_224913,patient_19,section_redundancy,1,1,1,0,0.0
20260522_224913,patient_19,filler_control,1,1,1,0,0.0
20260522_224913,patient_19,section_redundancy,5,1,1,0,0.0
20260522_224913,patient_19,filler_control,5,1,1,0,0.0
20260522_224913,patient_19,section_redundancy,10,1,1,0,0.0
20260522_224913,patient_19,filler_control,10,1,1,0,0.0
20260522_224913,patient_19,section_redundancy,16,1,1,0,0.0
20260522_224913,patient_19,filler_control,16,1,1,0,0.0
20260522_224913,patient_20,section_redundancy,1,1,1,0,0.0
20260522_224913,patient_20,filler_control,1,1,1,0,0.0
20260522_224913,patient_20,section_redundancy,5,1,1,0,0.0
20260522_224913,patient_20,filler_control,5,1,1,0,0.0
20260522_224913,patient_20,section_redundancy,10,1,1,0,0.0
20260522_224913,patient_20,filler_control,10,1,1,0,0.0
20260522_224913,patient_20,section_redundancy,16,1,1,0,0.0
20260522_224913,patient_20,filler_control,16,1,1,0,0.0
20260522_224913,patient_21,section_redundancy,1,1,1,0,0.0
20260522_224913,patient_21,filler_control,1,1,1,0,0.0
20260522_224913,patient_21,section_redundancy,5,1,1,0,0.0
20260522_224913,patient_21,filler_control,5,1,1,0,0.0
20260522_224913,patient_21,section_redundancy,10,1,1,0,0.0
20260522_224913,patient_21,filler_control,10,1,1,0,0.0
20260522_224913,patient_21,section_redundancy,16,1,1,0,0.0
20260522_224913,patient_21,filler_control,16,1,1,0,0.0
20260522_224913,patient_22,section_redundancy,1,1,1,0,0.0
20260522_224913,patient_22,filler_control,1,1,1,0,0.0
20260522_224913,patient_22,section_redundancy,5,1,1,0,0.0
20260522_224913,patient_22,filler_control,5,1,1,0,0.0
20260522_224913,patient_22,section_redundancy,10,1,1,0,0.0
20260522_224913,patient_22,filler_control,10,1,1,0,0.0
20260522_224913,patient_22,section_redundancy,16,1,1,0,0.0
20260522_224913,patient_22,filler_control,16,1,1,0,0.0
20260522_224913,patient_23,section_redundancy,1,1,1,0,0.0
20260522_224913,patient_23,filler_control,1,1,1,0,0.0
20260522_224913,patient_23,section_redundancy,5,1,1,0,0.0
20260522_224913,patient_23,filler_control,5,1,1,0,0.0
20260522_224913,patient_23,section_redundancy,10,1,1,0,0.0
20260522_224913,patient_23,filler_control,10,1,1,0,0.0
20260522_224913,patient_23,section_redundancy,16,1,1,0,0.0
20260522_224913,patient_23,filler_control,16,1,1,0,0.0
20260522_224913,patient_24,section_redundancy,1,1,1,0,0.0
20260522_224913,patient_24,filler_control,1,1,1,0,0.0
20260522_224913,patient_24,section_redundancy,5,1,1,0,0.0
20260522_224913,patient_24,filler_control,5,1,1,0,0.0
20260522_224913,patient_24,section_redundancy,10,1,1,0,0.0
20260522_224913,patient_24,filler_control,10,1,1,0,0.0
20260522_224913,patient_24,section_redundancy,16,1,1,0,0.0
20260522_224913,patient_24,filler_control,16,1,1,0,0.0
20260522_224913,patient_25,section_redundancy,1,1,1,0,0.0
20260522_224913,patient_25,filler_control,1,1,1,0,0.0
20260522_224913,patient_25,section_redundancy,5,1,1,0,0.0
20260522_224913,patient_25,filler_control,5,1,1,0,0.0
20260522_224913,patient_25,section_redundancy,10,1,1,0,0.0
20260522_224913,patient_25,filler_control,10,1,1,0,0.0
20260522_224913,patient_25,section_redundancy,16,1,1,0,0.0
20260522_224913,patient_25,filler_control,16,1,1,0,0.0
20260522_224913,patient_26,section_redundancy,1,1,1,0,0.0
20260522_224913,patient_26,filler_control,1,1,1,0,0.0
20260522_224913,patient_26,section_redundancy,5,1,1,0,0.0
20260522_224913,patient_26,filler_control,5,1,1,0,0.0
20260522_224913,patient_26,section_redundancy,10,1,1,0,0.0
20260522_224913,patient_26,filler_control,10,1,1,0,0.0
20260522_224913,patient_26,section_redundancy,16,1,1,0,0.0
20260522_224913,patient_26,filler_control,16,1,1,0,0.0
20260522_224913,patient_27,section_redundancy,1,1,1,0,0.0
20260522_224913,patient_27,filler_control,1,1,1,0,0.0
20260522_224913,patient_27,section_redundancy,5,1,1,0,0.0
20260522_224913,patient_27,filler_control,5,1,1,0,0.0
20260522_224913,patient_27,section_redundancy,10,1,1,0,0.0
20260522_224913,patient_27,filler_control,10,1,1,0,0.0
20260522_224913,patient_27,section_redundancy,16,1,1,0,0.0
20260522_224913,patient_27,filler_control,16,1,1,0,0.0
20260522_224913,patient_28,section_redundancy,1,1,1,0,0.0
20260522_224913,patient_28,filler_control,1,1,1,0,0.0
20260522_224913,patient_28,section_redundancy,5,1,1,0,0.0
20260522_224913,patient_28,filler_control,5,1,1,0,0.0
20260522_224913,patient_28,section_redundancy,10,1,1,0,0.0
20260522_224913,patient_28,filler_control,10,1,1,0,0.0
20260522_224913,patient_28,section_redundancy,16,1,1,0,0.0
20260522_224913,patient_28,filler_control,16,1,1,0,0.0
20260522_224913,patient_29,section_redundancy,1,1,1,0,0.0
20260522_224913,patient_29,filler_control,1,1,1,0,0.0
20260522_224913,patient_29,section_redundancy,5,1,1,0,0.0
20260522_224913,patient_29,filler_control,5,1,1,0,0.0
20260522_224913,patient_29,section_redundancy,10,1,1,0,0.0
20260522_224913,patient_29,filler_control,10,1,1,0,0.0
20260522_224913,patient_29,section_redundancy,16,1,1,0,0.0
20260522_224913,patient_29,filler_control,16,1,1,0,0.0
20260522_224913,patient_30,section_redundancy,1,1,1,0,0.0
20260522_224913,patient_30,filler_control,1,1,1,0,0.0
20260522_224913,patient_30,section_redundancy,5,1,1,0,0.0
20260522_224913,patient_30,filler_control,5,1,1,0,0.0
20260522_224913,patient_30,section_redundancy,10,1,1,0,0.0
20260522_224913,patient_30,filler_control,10,1,1,0,0.0
20260522_224913,patient_30,section_redundancy,16,1,1,0,0.0
20260522_224913,patient_30,filler_control,16,1,1,0,0.0
20260522_224913,patient_31,section_redundancy,1,1,1,0,0.0
20260522_224913,patient_31,filler_control,1,1,1,0,0.0
20260522_224913,patient_31,section_redundancy,5,1,1,0,0.0
20260522_224913,patient_31,filler_control,5,1,1,0,0.0
20260522_224913,patient_31,section_redundancy,10,1,1,0,0.0
20260522_224913,patient_31,filler_control,10,1,1,0,0.0
20260522_224913,patient_31,section_redundancy,16,1,1,0,0.0
20260522_224913,patient_31,filler_control,16,1,1,0,0.0
20260522_224913,patient_32,section_redundancy,1,1,1,0,0.0
20260522_224913,patient_32,filler_control,1,1,1,0,0.0
20260522_224913,patient_32,section_redundancy,5,1,1,0,0.0
20260522_224913,patient_32,filler_control,5,1,1,0,0.0
20260522_224913,patient_32,section_redundancy,10,1,1,0,0.0
20260522_224913,patient_32,filler_control,10,1,1,0,0.0
20260522_224913,patient_32,section_redundancy,16,1,1,0,0.0
20260522_224913,patient_32,filler_control,16,1,1,0,0.0
20260522_224913,patient_33,section_redundancy,1,1,1,0,0.0
20260522_224913,patient_33,filler_control,1,1,1,0,0.0
20260522_224913,patient_33,section_redundancy,5,1,1,0,0.0
20260522_224913,patient_33,filler_control,5,1,1,0,0.0
20260522_224913,patient_33,section_redundancy,10,1,1,0,0.0
20260522_224913,patient_33,filler_control,10,1,1,0,0.0
20260522_224913,patient_33,section_redundancy,16,1,1,0,0.0
20260522_224913,patient_33,filler_control,16,1,1,0,0.0
20260522_224913,patient_34,section_redundancy,1,1,1,0,0.0
20260522_224913,patient_34,filler_control,1,1,1,0,0.0
20260522_224913,patient_34,section_redundancy,5,1,1,0,0.0
20260522_224913,patient_34,filler_control,5,1,1,0,0.0
20260522_224913,patient_34,section_redundancy,10,1,1,0,0.0
20260522_224913,patient_34,filler_control,10,1,1,0,0.0
20260522_224913,patient_34,section_redundancy,16,1,1,0,0.0
20260522_224913,patient_34,filler_control,16,1,1,0,0.0
20260522_224913,patient_35,section_redundancy,1,1,1,0,0.0
20260522_224913,patient_35,filler_control,1,1,1,0,0.0
20260522_224913,patient_35,section_redundancy,5,1,1,0,0.0
20260522_224913,patient_35,filler_control,5,1,1,0,0.0
20260522_224913,patient_35,section_redundancy,10,1,1,0,0.0
20260522_224913,patient_35,filler_control,10,1,1,0,0.0
20260522_224913,patient_35,section_redundancy,16,1,1,0,0.0
20260522_224913,patient_35,filler_control,16,1,1,0,0.0
20260522_224913,patient_36,section_redundancy,1,1,1,0,0.0
20260522_224913,patient_36,filler_control,1,1,1,0,0.0
20260522_224913,patient_36,section_redundancy,5,1,1,0,0.0
20260522_224913,patient_36,filler_control,5,1,1,0,0.0
20260522_224913,patient_36,section_redundancy,10,1,1,0,0.0
20260522_224913,patient_36,filler_control,10,1,1,0,0.0
20260522_224913,patient_36,section_redundancy,16,1,1,0,0.0
20260522_224913,patient_36,filler_control,16,1,1,0,0.0
20260522_224913,patient_37,section_redundancy,1,1,1,0,0.0
20260522_224913,patient_37,filler_control,1,1,1,0,0.0
20260522_224913,patient_37,section_redundancy,5,1,1,0,0.0
20260522_224913,patient_37,filler_control,5,1,1,0,0.0
20260522_224913,patient_37,section_redundancy,10,1,1,0,0.0
20260522_224913,patient_37,filler_control,10,1,1,0,0.0
20260522_224913,patient_37,section_redundancy,16,1,1,0,0.0
20260522_224913,patient_37,filler_control,16,1,1,0,0.0
20260522_224913,patient_38,section_redundancy,1,1,1,0,0.0
20260522_224913,patient_38,filler_control,1,1,1,0,0.0
20260522_224913,patient_38,section_redundancy,5,1,1,0,0.0
20260522_224913,patient_38,filler_control,5,1,1,0,0.0
20260522_224913,patient_38,section_redundancy,10,1,1,0,0.0
20260522_224913,patient_38,filler_control,10,1,1,0,0.0
20260522_224913,patient_38,section_redundancy,16,1,1,0,0.0
20260522_224913,patient_38,filler_control,16,1,1,0,0.0
20260522_224913,patient_39,section_redundancy,1,1,1,0,0.0
20260522_224913,patient_39,filler_control,1,1,1,0,0.0
20260522_224913,patient_39,section_redundancy,5,1,1,0,0.0
20260522_224913,patient_39,filler_control,5,1,1,0,0.0
20260522_224913,patient_39,section_redundancy,10,1,1,0,0.0
20260522_224913,patient_39,filler_control,10,1,1,0,0.0
20260522_224913,patient_39,section_redundancy,16,1,1,0,0.0
20260522_224913,patient_39,filler_control,16,1,1,0,0.0
20260522_224913,patient_40,section_redundancy,1,1,1,0,0.0
20260522_224913,patient_40,filler_control,1,1,1,0,0.0
20260522_224913,patient_40,section_redundancy,5,1,1,0,0.0
20260522_224913,patient_40,filler_control,5,1,1,0,0.0
20260522_224913,patient_40,section_redundancy,10,1,1,0,0.0
20260522_224913,patient_40,filler_control,10,1,1,0,0.0
20260522_224913,patient_40,section_redundancy,16,1,1,0,0.0
20260522_224913,patient_40,filler_control,16,1,1,0,0.0
20260522_224913,patient_41,section_redundancy,1,1,1,0,0.0
20260522_224913,patient_41,filler_control,1,1,1,0,0.0
20260522_224913,patient_41,section_redundancy,5,1,1,0,0.0
20260522_224913,patient_41,filler_control,5,1,1,0,0.0
20260522_224913,patient_41,section_redundancy,10,1,1,0,0.0
20260522_224913,patient_41,filler_control,10,1,1,0,0.0
20260522_224913,patient_41,section_redundancy,16,1,1,0,0.0
20260522_224913,patient_41,filler_control,16,1,1,0,0.0
20260522_224913,patient_42,section_redundancy,1,1,1,0,0.0
20260522_224913,patient_42,filler_control,1,1,1,0,0.0
20260522_224913,patient_42,section_redundancy,5,1,1,0,0.0
20260522_224913,patient_42,filler_control,5,1,1,0,0.0
20260522_224913,patient_42,section_redundancy,10,1,1,0,0.0
20260522_224913,patient_42,filler_control,10,1,1,0,0.0
20260522_224913,patient_42,section_redundancy,16,1,1,0,0.0
20260522_224913,patient_42,filler_control,16,1,1,0,0.0
20260522_224913,patient_43,section_redundancy,1,1,1,0,0.0
20260522_224913,patient_43,filler_control,1,1,1,0,0.0
20260522_224913,patient_43,section_redundancy,5,1,1,0,0.0
20260522_224913,patient_43,filler_control,5,1,1,0,0.0
20260522_224913,patient_43,section_redundancy,10,1,1,0,0.0
20260522_224913,patient_43,filler_control,10,1,1,0,0.0
20260522_224913,patient_43,section_redundancy,16,1,1,0,0.0
20260522_224913,patient_43,filler_control,16,1,1,0,0.0
20260522_224913,patient_44,section_redundancy,1,1,1,0,0.0
20260522_224913,patient_44,filler_control,1,1,1,0,0.0
20260522_224913,patient_44,section_redundancy,5,1,1,0,0.0
20260522_224913,patient_44,filler_control,5,1,1,0,0.0
20260522_224913,patient_44,section_redundancy,10,1,1,0,0.0
20260522_224913,patient_44,filler_control,10,1,1,0,0.0
20260522_224913,patient_44,section_redundancy,16,1,1,0,0.0
20260522_224913,patient_44,filler_control,16,1,1,0,0.0
20260522_224913,patient_45,section_redundancy,1,1,1,0,0.0
20260522_224913,patient_45,filler_control,1,1,1,0,0.0
20260522_224913,patient_45,section_redundancy,5,1,1,0,0.0
20260522_224913,patient_45,filler_control,5,1,1,0,0.0
20260522_224913,patient_45,section_redundancy,10,1,1,0,0.0
20260522_224913,patient_45,filler_control,10,1,1,0,0.0
20260522_224913,patient_45,section_redundancy,16,1,1,0,0.0
20260522_224913,patient_45,filler_control,16,1,1,0,0.0
20260522_224913,patient_46,section_redundancy,1,1,1,0,0.0
20260522_224913,patient_46,filler_control,1,1,1,0,0.0
20260522_224913,patient_46,section_redundancy,5,1,1,0,0.0
20260522_224913,patient_46,filler_control,5,1,1,0,0.0
20260522_224913,patient_46,section_redundancy,10,1,1,0,0.0
20260522_224913,patient_46,filler_control,10,1,1,0,0.0
20260522_224913,patient_46,section_redundancy,16,1,1,0,0.0
20260522_224913,patient_46,filler_control,16,1,1,0,0.0
20260522_224913,patient_47,section_redundancy,1,1,1,0,0.0
20260522_224913,patient_47,filler_control,1,1,1,0,0.0
20260522_224913,patient_47,section_redundancy,5,1,1,0,0.0
20260522_224913,patient_47,filler_control,5,1,1,0,0.0
20260522_224913,patient_47,section_redundancy,10,1,1,0,0.0
20260522_224913,patient_47,filler_control,10,1,1,0,0.0
20260522_224913,patient_47,section_redundancy,16,1,1,0,0.0
20260522_224913,patient_47,filler_control,16,1,1,0,0.0
20260522_224913,patient_48,section_redundancy,1,1,1,0,0.0
20260522_224913,patient_48,filler_control,1,1,1,0,0.0
20260522_224913,patient_48,section_redundancy,5,1,1,0,0.0
20260522_224913,patient_48,filler_control,5,1,1,0,0.0
20260522_224913,patient_48,section_redundancy,10,1,1,0,0.0
20260522_224913,patient_48,filler_control,10,1,1,0,0.0
20260522_224913,patient_48,section_redundancy,16,1,1,0,0.0
20260522_224913,patient_48,filler_control,16,1,1,0,0.0
20260522_224913,patient_49,section_redundancy,1,1,1,0,0.0
20260522_224913,patient_49,filler_control,1,1,1,0,0.0
20260522_224913,patient_49,section_redundancy,5,1,1,0,0.0
20260522_224913,patient_49,filler_control,5,1,1,0,0.0
20260522_224913,patient_49,section_redundancy,10,1,1,0,0.0
20260522_224913,patient_49,filler_control,10,1,1,0,0.0
20260522_224913,patient_49,section_redundancy,16,1,1,0,0.0
20260522_224913,patient_49,filler_control,16,1,1,0,0.0
20260522_224913,patient_50,section_redundancy,1,1,1,0,0.0
20260522_224913,patient_50,filler_control,1,1,1,0,0.0
20260522_224913,patient_50,section_redundancy,5,1,1,0,0.0
20260522_224913,patient_50,filler_control,5,1,1,0,0.0
20260522_224913,patient_50,section_redundancy,10,1,1,0,0.0
20260522_224913,patient_50,filler_control,10,1,1,0,0.0
20260522_224913,patient_50,section_redundancy,16,1,1,0,0.0
20260522_224913,patient_50,filler_control,16,1,1,0,0.0
20260522_224913,patient_51,section_redundancy,1,1,1,0,0.0
20260522_224913,patient_51,filler_control,1,1,1,0,0.0
20260522_224913,patient_51,section_redundancy,5,1,1,0,0.0
20260522_224913,patient_51,filler_control,5,1,1,0,0.0
20260522_224913,patient_51,section_redundancy,10,1,1,0,0.0
20260522_224913,patient_51,filler_control,10,1,1,0,0.0
20260522_224913,patient_51,section_redundancy,16,1,1,0,0.0
20260522_224913,patient_51,filler_control,16,1,1,0,0.0
20260522_224913,patient_52,section_redundancy,1,1,1,0,0.0
20260522_224913,patient_52,filler_control,1,1,1,0,0.0
20260522_224913,patient_52,section_redundancy,5,1,1,0,0.0
20260522_224913,patient_52,filler_control,5,1,1,0,0.0
20260522_224913,patient_52,section_redundancy,10,1,1,0,0.0
20260522_224913,patient_52,filler_control,10,1,1,0,0.0
20260522_224913,patient_52,section_redundancy,16,1,1,0,0.0
20260522_224913,patient_52,filler_control,16,1,1,0,0.0
20260522_224913,patient_53,section_redundancy,1,1,1,0,0.0
20260522_224913,patient_53,filler_control,1,1,1,0,0.0
20260522_224913,patient_53,section_redundancy,5,1,1,0,0.0
20260522_224913,patient_53,filler_control,5,1,1,0,0.0
20260522_224913,patient_53,section_redundancy,10,1,1,0,0.0
20260522_224913,patient_53,filler_control,10,1,1,0,0.0
20260522_224913,patient_53,section_redundancy,16,1,1,0,0.0
20260522_224913,patient_53,filler_control,16,1,1,0,0.0
20260522_224913,patient_54,section_redundancy,1,1,1,0,0.0
20260522_224913,patient_54,filler_control,1,1,1,0,0.0
20260522_224913,patient_54,section_redundancy,5,1,1,0,0.0
20260522_224913,patient_54,filler_control,5,1,1,0,0.0
20260522_224913,patient_54,section_redundancy,10,1,1,0,0.0
20260522_224913,patient_54,filler_control,10,1,1,0,0.0
20260522_224913,patient_54,section_redundancy,16,1,1,0,0.0
20260522_224913,patient_54,filler_control,16,1,1,0,0.0
20260522_224913,patient_55,section_redundancy,1,1,1,0,0.0
20260522_224913,patient_55,filler_control,1,1,1,0,0.0
20260522_224913,patient_55,section_redundancy,5,1,1,0,0.0
20260522_224913,patient_55,filler_control,5,1,1,0,0.0
20260522_224913,patient_55,section_redundancy,10,1,1,0,0.0
20260522_224913,patient_55,filler_control,10,1,1,0,0.0
20260522_224913,patient_55,section_redundancy,16,1,1,0,0.0
20260522_224913,patient_55,filler_control,16,1,1,0,0.0
20260522_224913,patient_56,section_redundancy,1,1,1,0,0.0
20260522_224913,patient_56,filler_control,1,1,1,0,0.0
20260522_224913,patient_56,section_redundancy,5,1,1,0,0.0
20260522_224913,patient_56,filler_control,5,1,1,0,0.0
20260522_224913,patient_56,section_redundancy,10,1,1,0,0.0
20260522_224913,patient_56,filler_control,10,1,1,0,0.0
20260522_224913,patient_56,section_redundancy,16,1,1,0,0.0
20260522_224913,patient_56,filler_control,16,1,1,0,0.0
20260522_224913,patient_57,section_redundancy,1,1,1,0,0.0
20260522_224913,patient_57,filler_control,1,1,1,0,0.0
20260522_224913,patient_57,section_redundancy,5,1,1,0,0.0
20260522_224913,patient_57,filler_control,5,1,1,0,0.0
20260522_224913,patient_57,section_redundancy,10,1,1,0,0.0
20260522_224913,patient_57,filler_control,10,1,1,0,0.0
20260522_224913,patient_57,section_redundancy,16,1,1,0,0.0
20260522_224913,patient_57,filler_control,16,1,1,0,0.0
20260522_224913,patient_58,section_redundancy,1,1,1,0,0.0
20260522_224913,patient_58,filler_control,1,1,1,0,0.0
20260522_224913,patient_58,section_redundancy,5,1,1,0,0.0
20260522_224913,patient_58,filler_control,5,1,1,0,0.0
20260522_224913,patient_58,section_redundancy,10,1,1,0,0.0
20260522_224913,patient_58,filler_control,10,1,1,0,0.0
20260522_224913,patient_58,section_redundancy,16,1,1,0,0.0
20260522_224913,patient_58,filler_control,16,1,1,0,0.0
20260522_224913,patient_59,section_redundancy,1,1,1,0,0.0
20260522_224913,patient_59,filler_control,1,1,1,0,0.0
20260522_224913,patient_59,section_redundancy,5,1,1,0,0.0
20260522_224913,patient_59,filler_control,5,1,1,0,0.0
20260522_224913,patient_59,section_redundancy,10,1,1,0,0.0
20260522_224913,patient_59,filler_control,10,1,1,0,0.0
20260522_224913,patient_59,section_redundancy,16,1,1,0,0.0
20260522_224913,patient_59,filler_control,16,1,1,0,0.0
20260522_224913,patient_60,section_redundancy,1,1,1,0,0.0
20260522_224913,patient_60,filler_control,1,1,1,0,0.0
20260522_224913,patient_60,section_redundancy,5,1,1,0,0.0
20260522_224913,patient_60,filler_control,5,1,1,0,0.0
20260522_224913,patient_60,section_redundancy,10,1,1,0,0.0
20260522_224913,patient_60,filler_control,10,1,1,0,0.0
20260522_224913,patient_60,section_redundancy,16,1,1,0,0.0
20260522_224913,patient_60,filler_control,16,1,1,0,0.0
20260522_224913,patient_61,section_redundancy,1,1,1,0,0.0
20260522_224913,patient_61,filler_control,1,1,1,0,0.0
20260522_224913,patient_61,section_redundancy,5,1,1,0,0.0
20260522_224913,patient_61,filler_control,5,1,1,0,0.0
20260522_224913,patient_61,section_redundancy,10,1,1,0,0.0
20260522_224913,patient_61,filler_control,10,1,1,0,0.0
20260522_224913,patient_61,section_redundancy,16,1,1,0,0.0
20260522_224913,patient_61,filler_control,16,1,1,0,0.0
20260522_224913,patient_62,section_redundancy,1,1,1,0,0.0
20260522_224913,patient_62,filler_control,1,1,1,0,0.0
20260522_224913,patient_62,section_redundancy,5,1,1,0,0.0
20260522_224913,patient_62,filler_control,5,1,1,0,0.0
20260522_224913,patient_62,section_redundancy,10,1,1,0,0.0
20260522_224913,patient_62,filler_control,10,1,1,0,0.0
20260522_224913,patient_62,section_redundancy,16,1,1,0,0.0
20260522_224913,patient_62,filler_control,16,1,1,0,0.0
20260522_224913,patient_63,section_redundancy,1,1,1,0,0.0
20260522_224913,patient_63,filler_control,1,1,1,0,0.0
20260522_224913,patient_63,section_redundancy,5,1,1,0,0.0
20260522_224913,patient_63,filler_control,5,1,1,0,0.0
20260522_224913,patient_63,section_redundancy,10,1,1,0,0.0
20260522_224913,patient_63,filler_control,10,1,1,0,0.0
20260522_224913,patient_63,section_redundancy,16,1,1,0,0.0
20260522_224913,patient_63,filler_control,16,1,1,0,0.0
20260522_224913,patient_64,section_redundancy,1,1,1,0,0.0
20260522_224913,patient_64,filler_control,1,1,1,0,0.0
20260522_224913,patient_64,section_redundancy,5,1,1,0,0.0
20260522_224913,patient_64,filler_control,5,1,1,0,0.0
20260522_224913,patient_64,section_redundancy,10,1,1,0,0.0
20260522_224913,patient_64,filler_control,10,1,1,0,0.0
20260522_224913,patient_64,section_redundancy,16,1,1,0,0.0
20260522_224913,patient_64,filler_control,16,1,1,0,0.0
20260522_224913,patient_65,section_redundancy,1,1,1,0,0.0
20260522_224913,patient_65,filler_control,1,1,1,0,0.0
20260522_224913,patient_65,section_redundancy,5,1,1,0,0.0
20260522_224913,patient_65,filler_control,5,1,1,0,0.0
20260522_224913,patient_65,section_redundancy,10,1,1,0,0.0
20260522_224913,patient_65,filler_control,10,1,1,0,0.0
20260522_224913,patient_65,section_redundancy,16,1,1,0,0.0
20260522_224913,patient_65,filler_control,16,1,1,0,0.0
20260522_224913,patient_66,section_redundancy,1,1,1,0,0.0
20260522_224913,patient_66,filler_control,1,1,1,0,0.0
20260522_224913,patient_66,section_redundancy,5,1,1,0,0.0
20260522_224913,patient_66,filler_control,5,1,1,0,0.0
20260522_224913,patient_66,section_redundancy,10,1,1,0,0.0
20260522_224913,patient_66,filler_control,10,1,1,0,0.0
20260522_224913,patient_66,section_redundancy,16,1,1,0,0.0
20260522_224913,patient_66,filler_control,16,1,1,0,0.0
20260522_224913,patient_67,section_redundancy,1,1,1,0,0.0
20260522_224913,patient_67,filler_control,1,1,1,0,0.0
20260522_224913,patient_67,section_redundancy,5,1,1,0,0.0
20260522_224913,patient_67,filler_control,5,1,1,0,0.0
20260522_224913,patient_67,section_redundancy,10,1,1,0,0.0
20260522_224913,patient_67,filler_control,10,1,1,0,0.0
20260522_224913,patient_67,section_redundancy,16,1,1,0,0.0
20260522_224913,patient_67,filler_control,16,1,1,0,0.0
20260522_224913,patient_68,section_redundancy,1,1,1,0,0.0
20260522_224913,patient_68,filler_control,1,1,1,0,0.0
20260522_224913,patient_68,section_redundancy,5,1,1,0,0.0
20260522_224913,patient_68,filler_control,5,1,1,0,0.0
20260522_224913,patient_68,section_redundancy,10,1,1,0,0.0
20260522_224913,patient_68,filler_control,10,1,1,0,0.0
20260522_224913,patient_68,section_redundancy,16,1,1,0,0.0
20260522_224913,patient_68,filler_control,16,1,1,0,0.0
20260522_224913,patient_69,section_redundancy,1,1,1,0,0.0
20260522_224913,patient_69,filler_control,1,1,1,0,0.0
20260522_224913,patient_69,section_redundancy,5,1,1,0,0.0
20260522_224913,patient_69,filler_control,5,1,1,0,0.0
20260522_224913,patient_69,section_redundancy,10,1,1,0,0.0
20260522_224913,patient_69,filler_control,10,1,1,0,0.0
20260522_224913,patient_69,section_redundancy,16,1,1,0,0.0
20260522_224913,patient_69,filler_control,16,1,1,0,0.0
20260522_224913,patient_70,section_redundancy,1,1,1,0,0.0
20260522_224913,patient_70,filler_control,1,1,1,0,0.0
20260522_224913,patient_70,section_redundancy,5,1,1,0,0.0
20260522_224913,patient_70,filler_control,5,1,1,0,0.0
20260522_224913,patient_70,section_redundancy,10,1,1,0,0.0
20260522_224913,patient_70,filler_control,10,1,1,0,0.0
20260522_224913,patient_70,section_redundancy,16,1,1,0,0.0
20260522_224913,patient_70,filler_control,16,1,1,0,0.0
20260522_224913,patient_71,section_redundancy,1,1,1,0,0.0
20260522_224913,patient_71,filler_control,1,1,1,0,0.0
20260522_224913,patient_71,section_redundancy,5,1,1,0,0.0
20260522_224913,patient_71,filler_control,5,1,1,0,0.0
20260522_224913,patient_71,section_redundancy,10,1,1,0,0.0
20260522_224913,patient_71,filler_control,10,1,1,0,0.0
20260522_224913,patient_71,section_redundancy,16,1,1,0,0.0
20260522_224913,patient_71,filler_control,16,1,1,0,0.0
20260522_224913,patient_72,section_redundancy,1,1,1,0,0.0
20260522_224913,patient_72,filler_control,1,1,1,0,0.0
20260522_224913,patient_72,section_redundancy,5,1,1,0,0.0
20260522_224913,patient_72,filler_control,5,1,1,0,0.0
20260522_224913,patient_72,section_redundancy,10,1,1,0,0.0
20260522_224913,patient_72,filler_control,10,1,1,0,0.0
20260522_224913,patient_72,section_redundancy,16,1,1,0,0.0
20260522_224913,patient_72,filler_control,16,1,1,0,0.0
20260522_224913,patient_73,section_redundancy,1,1,1,0,0.0
20260522_224913,patient_73,filler_control,1,1,1,0,0.0
20260522_224913,patient_73,section_redundancy,5,1,1,0,0.0
20260522_224913,patient_73,filler_control,5,1,1,0,0.0
20260522_224913,patient_73,section_redundancy,10,1,1,0,0.0
20260522_224913,patient_73,filler_control,10,1,1,0,0.0
20260522_224913,patient_73,section_redundancy,16,1,1,0,0.0
20260522_224913,patient_73,filler_control,16,1,1,0,0.0
20260522_224913,patient_74,section_redundancy,1,1,1,0,0.0
20260522_224913,patient_74,filler_control,1,1,1,0,0.0
20260522_224913,patient_74,section_redundancy,5,1,1,0,0.0
20260522_224913,patient_74,filler_control,5,1,1,0,0.0
20260522_224913,patient_74,section_redundancy,10,1,1,0,0.0
20260522_224913,patient_74,filler_control,10,1,1,0,0.0
20260522_224913,patient_74,section_redundancy,16,1,1,0,0.0
20260522_224913,patient_74,filler_control,16,1,1,0,0.0
20260522_224913,patient_75,section_redundancy,1,1,1,0,0.0
20260522_224913,patient_75,filler_control,1,1,1,0,0.0
20260522_224913,patient_75,section_redundancy,5,1,1,0,0.0
20260522_224913,patient_75,filler_control,5,1,1,0,0.0
20260522_224913,patient_75,section_redundancy,10,1,1,0,0.0
20260522_224913,patient_75,filler_control,10,1,1,0,0.0
20260522_224913,patient_75,section_redundancy,16,1,1,0,0.0
20260522_224913,patient_75,filler_control,16,1,1,0,0.0
20260522_224913,patient_76,section_redundancy,1,1,1,0,0.0
20260522_224913,patient_76,filler_control,1,1,1,0,0.0
20260522_224913,patient_76,section_redundancy,5,1,1,0,0.0
20260522_224913,patient_76,filler_control,5,1,1,0,0.0
20260522_224913,patient_76,section_redundancy,10,1,1,0,0.0
20260522_224913,patient_76,filler_control,10,1,1,0,0.0
20260522_224913,patient_76,section_redundancy,16,1,1,0,0.0
20260522_224913,patient_76,filler_control,16,1,1,0,0.0
20260522_224913,patient_77,section_redundancy,1,1,1,0,0.0
20260522_224913,patient_77,filler_control,1,1,1,0,0.0
20260522_224913,patient_77,section_redundancy,5,1,1,0,0.0
20260522_224913,patient_77,filler_control,5,1,1,0,0.0
20260522_224913,patient_77,section_redundancy,10,1,1,0,0.0
20260522_224913,patient_77,filler_control,10,1,1,0,0.0
20260522_224913,patient_77,section_redundancy,16,1,1,0,0.0
20260522_224913,patient_77,filler_control,16,1,1,0,0.0
20260522_224913,patient_78,section_redundancy,1,1,1,0,0.0
20260522_224913,patient_78,filler_control,1,1,1,0,0.0
20260522_224913,patient_78,section_redundancy,5,1,1,0,0.0
20260522_224913,patient_78,filler_control,5,1,1,0,0.0
20260522_224913,patient_78,section_redundancy,10,1,1,0,0.0
20260522_224913,patient_78,filler_control,10,1,1,0,0.0
20260522_224913,patient_78,section_redundancy,16,1,1,0,0.0
20260522_224913,patient_78,filler_control,16,1,1,0,0.0
20260522_224913,patient_79,section_redundancy,1,1,1,0,0.0
20260522_224913,patient_79,filler_control,1,1,1,0,0.0
20260522_224913,patient_79,section_redundancy,5,1,1,0,0.0
20260522_224913,patient_79,filler_control,5,1,1,0,0.0
20260522_224913,patient_79,section_redundancy,10,1,1,0,0.0
20260522_224913,patient_79,filler_control,10,1,1,0,0.0
20260522_224913,patient_79,section_redundancy,16,1,1,0,0.0
20260522_224913,patient_79,filler_control,16,1,1,0,0.0
20260522_224913,patient_80,section_redundancy,1,1,1,0,0.0
20260522_224913,patient_80,filler_control,1,1,1,0,0.0
20260522_224913,patient_80,section_redundancy,5,1,1,0,0.0
20260522_224913,patient_80,filler_control,5,1,1,0,0.0
20260522_224913,patient_80,section_redundancy,10,1,1,0,0.0
20260522_224913,patient_80,filler_control,10,1,1,0,0.0
20260522_224913,patient_80,section_redundancy,16,1,1,0,0.0
20260522_224913,patient_80,filler_control,16,1,1,0,0.0
20260522_224913,patient_81,section_redundancy,1,1,1,0,0.0
20260522_224913,patient_81,filler_control,1,1,1,0,0.0
20260522_224913,patient_81,section_redundancy,5,1,1,0,0.0
20260522_224913,patient_81,filler_control,5,1,1,0,0.0
20260522_224913,patient_81,section_redundancy,10,1,1,0,0.0
20260522_224913,patient_81,filler_control,10,1,1,0,0.0
20260522_224913,patient_81,section_redundancy,16,1,1,0,0.0
20260522_224913,patient_81,filler_control,16,1,1,0,0.0
20260522_224913,patient_82,section_redundancy,1,1,1,0,0.0
20260522_224913,patient_82,filler_control,1,1,1,0,0.0
20260522_224913,patient_82,section_redundancy,5,1,1,0,0.0
20260522_224913,patient_82,filler_control,5,1,1,0,0.0
20260522_224913,patient_82,section_redundancy,10,1,1,0,0.0
20260522_224913,patient_82,filler_control,10,1,1,0,0.0
20260522_224913,patient_82,section_redundancy,16,1,1,0,0.0
20260522_224913,patient_82,filler_control,16,1,1,0,0.0
20260522_224913,patient_83,section_redundancy,1,1,1,0,0.0
20260522_224913,patient_83,filler_control,1,1,1,0,0.0
20260522_224913,patient_83,section_redundancy,5,1,1,0,0.0
20260522_224913,patient_83,filler_control,5,1,1,0,0.0
20260522_224913,patient_83,section_redundancy,10,1,1,0,0.0
20260522_224913,patient_83,filler_control,10,1,1,0,0.0
20260522_224913,patient_83,section_redundancy,16,1,1,0,0.0
20260522_224913,patient_83,filler_control,16,1,1,0,0.0
20260522_224913,patient_84,section_redundancy,1,1,1,0,0.0
20260522_224913,patient_84,filler_control,1,1,1,0,0.0
20260522_224913,patient_84,section_redundancy,5,1,1,0,0.0
20260522_224913,patient_84,filler_control,5,1,1,0,0.0
20260522_224913,patient_84,section_redundancy,10,1,1,0,0.0
20260522_224913,patient_84,filler_control,10,1,1,0,0.0
20260522_224913,patient_84,section_redundancy,16,1,1,0,0.0
20260522_224913,patient_84,filler_control,16,1,1,0,0.0
20260522_224913,patient_85,section_redundancy,1,1,1,0,0.0
20260522_224913,patient_85,filler_control,1,1,1,0,0.0
20260522_224913,patient_85,section_redundancy,5,1,1,0,0.0
20260522_224913,patient_85,filler_control,5,1,1,0,0.0
20260522_224913,patient_85,section_redundancy,10,1,1,0,0.0
20260522_224913,patient_85,filler_control,10,1,1,0,0.0
20260522_224913,patient_85,section_redundancy,16,1,1,0,0.0
20260522_224913,patient_85,filler_control,16,1,1,0,0.0
20260522_224913,patient_86,section_redundancy,1,1,1,0,0.0
20260522_224913,patient_86,filler_control,1,1,1,0,0.0
20260522_224913,patient_86,section_redundancy,5,1,1,0,0.0
20260522_224913,patient_86,filler_control,5,1,1,0,0.0
20260522_224913,patient_86,section_redundancy,10,1,1,0,0.0
20260522_224913,patient_86,filler_control,10,1,1,0,0.0
20260522_224913,patient_86,section_redundancy,16,1,1,0,0.0
20260522_224913,patient_86,filler_control,16,1,1,0,0.0
20260522_224913,patient_87,section_redundancy,1,1,1,0,0.0
20260522_224913,patient_87,filler_control,1,1,1,0,0.0
20260522_224913,patient_87,section_redundancy,5,1,1,0,0.0
20260522_224913,patient_87,filler_control,5,1,1,0,0.0
20260522_224913,patient_87,section_redundancy,10,1,1,0,0.0
20260522_224913,patient_87,filler_control,10,1,1,0,0.0
20260522_224913,patient_87,section_redundancy,16,1,1,0,0.0
20260522_224913,patient_87,filler_control,16,1,1,0,0.0
20260522_224913,patient_88,section_redundancy,1,1,1,0,0.0
20260522_224913,patient_88,filler_control,1,1,1,0,0.0
20260522_224913,patient_88,section_redundancy,5,1,1,0,0.0
20260522_224913,patient_88,filler_control,5,1,1,0,0.0
20260522_224913,patient_88,section_redundancy,10,1,1,0,0.0
20260522_224913,patient_88,filler_control,10,1,1,0,0.0
20260522_224913,patient_88,section_redundancy,16,1,1,0,0.0
20260522_224913,patient_88,filler_control,16,1,1,0,0.0
20260522_224913,patient_89,section_redundancy,1,1,1,0,0.0
20260522_224913,patient_89,filler_control,1,1,1,0,0.0
20260522_224913,patient_89,section_redundancy,5,1,1,0,0.0
20260522_224913,patient_89,filler_control,5,1,1,0,0.0
20260522_224913,patient_89,section_redundancy,10,1,1,0,0.0
20260522_224913,patient_89,filler_control,10,1,1,0,0.0
20260522_224913,patient_89,section_redundancy,16,1,1,0,0.0
20260522_224913,patient_89,filler_control,16,1,1,0,0.0
20260522_224913,patient_90,section_redundancy,1,1,1,0,0.0
20260522_224913,patient_90,filler_control,1,1,1,0,0.0
20260522_224913,patient_90,section_redundancy,5,1,1,0,0.0
20260522_224913,patient_90,filler_control,5,1,1,0,0.0
20260522_224913,patient_90,section_redundancy,10,1,1,0,0.0
20260522_224913,patient_90,filler_control,10,1,1,0,0.0
20260522_224913,patient_90,section_redundancy,16,1,1,0,0.0
20260522_224913,patient_90,filler_control,16,1,1,0,0.0
20260522_224913,patient_91,section_redundancy,1,1,1,0,0.0
20260522_224913,patient_91,filler_control,1,1,1,0,0.0
20260522_224913,patient_91,section_redundancy,5,1,1,0,0.0
20260522_224913,patient_91,filler_control,5,1,1,0,0.0
20260522_224913,patient_91,section_redundancy,10,1,1,0,0.0
20260522_224913,patient_91,filler_control,10,1,1,0,0.0
20260522_224913,patient_91,section_redundancy,16,1,1,0,0.0
20260522_224913,patient_91,filler_control,16,1,1,0,0.0
20260522_224913,patient_92,section_redundancy,1,1,1,0,0.0
20260522_224913,patient_92,filler_control,1,1,1,0,0.0
20260522_224913,patient_92,section_redundancy,5,1,1,0,0.0
20260522_224913,patient_92,filler_control,5,1,1,0,0.0
20260522_224913,patient_92,section_redundancy,10,1,1,0,0.0
20260522_224913,patient_92,filler_control,10,1,1,0,0.0
20260522_224913,patient_92,section_redundancy,16,1,1,0,0.0
20260522_224913,patient_92,filler_control,16,1,1,0,0.0
20260522_224913,patient_93,section_redundancy,1,1,1,0,0.0
20260522_224913,patient_93,filler_control,1,1,1,0,0.0
20260522_224913,patient_93,section_redundancy,5,1,1,0,0.0
20260522_224913,patient_93,filler_control,5,1,1,0,0.0
20260522_224913,patient_93,section_redundancy,10,1,1,0,0.0
20260522_224913,patient_93,filler_control,10,1,1,0,0.0
20260522_224913,patient_93,section_redundancy,16,1,1,0,0.0
20260522_224913,patient_93,filler_control,16,1,1,0,0.0
20260522_224913,patient_94,section_redundancy,1,1,1,0,0.0
20260522_224913,patient_94,filler_control,1,1,1,0,0.0
20260522_224913,patient_94,section_redundancy,5,1,1,0,0.0
20260522_224913,patient_94,filler_control,5,1,1,0,0.0
20260522_224913,patient_94,section_redundancy,10,1,1,0,0.0
20260522_224913,patient_94,filler_control,10,1,1,0,0.0
20260522_224913,patient_94,section_redundancy,16,1,1,0,0.0
20260522_224913,patient_94,filler_control,16,1,1,0,0.0
20260522_224913,patient_95,section_redundancy,1,1,1,0,0.0
20260522_224913,patient_95,filler_control,1,1,1,0,0.0
20260522_224913,patient_95,section_redundancy,5,1,1,0,0.0
20260522_224913,patient_95,filler_control,5,1,1,0,0.0
20260522_224913,patient_95,section_redundancy,10,1,1,0,0.0
20260522_224913,patient_95,filler_control,10,1,1,0,0.0
20260522_224913,patient_95,section_redundancy,16,1,1,0,0.0
20260522_224913,patient_95,filler_control,16,1,1,0,0.0
20260522_224913,patient_96,section_redundancy,1,1,1,0,0.0
20260522_224913,patient_96,filler_control,1,1,1,0,0.0
20260522_224913,patient_96,section_redundancy,5,1,1,0,0.0
20260522_224913,patient_96,filler_control,5,1,1,0,0.0
20260522_224913,patient_96,section_redundancy,10,1,1,0,0.0
20260522_224913,patient_96,filler_control,10,1,1,0,0.0
20260522_224913,patient_96,section_redundancy,16,1,1,0,0.0
20260522_224913,patient_96,filler_control,16,1,1,0,0.0
20260522_224913,patient_97,section_redundancy,1,1,1,0,0.0
20260522_224913,patient_97,filler_control,1,1,1,0,0.0
20260522_224913,patient_97,section_redundancy,5,1,1,0,0.0
20260522_224913,patient_97,filler_control,5,1,1,0,0.0
20260522_224913,patient_97,section_redundancy,10,1,1,0,0.0
20260522_224913,patient_97,filler_control,10,1,1,0,0.0
20260522_224913,patient_97,section_redundancy,16,1,1,0,0.0
20260522_224913,patient_97,filler_control,16,1,1,0,0.0
20260522_224913,patient_98,section_redundancy,1,1,1,0,0.0
20260522_224913,patient_98,filler_control,1,1,1,0,0.0
20260522_224913,patient_98,section_redundancy,5,1,1,0,0.0
20260522_224913,patient_98,filler_control,5,1,1,0,0.0
20260522_224913,patient_98,section_redundancy,10,1,1,0,0.0
20260522_224913,patient_98,filler_control,10,1,1,0,0.0
20260522_224913,patient_98,section_redundancy,16,1,1,0,0.0
20260522_224913,patient_98,filler_control,16,1,1,0,0.0
20260522_224913,patient_99,section_redundancy,1,1,1,0,0.0
20260522_224913,patient_99,filler_control,1,1,1,0,0.0
20260522_224913,patient_99,section_redundancy,5,1,1,0,0.0
20260522_224913,patient_99,filler_control,5,1,1,0,0.0
20260522_224913,patient_99,section_redundancy,10,1,1,0,0.0
20260522_224913,patient_99,filler_control,10,1,1,0,0.0
20260522_224913,patient_99,section_redundancy,16,1,1,0,0.0
20260522_224913,patient_99,filler_control,16,1,1,0,0.0
20260522_224913,patient_100,section_redundancy,1,1,1,0,0.0
20260522_224913,patient_100,filler_control,1,1,1,0,0.0
20260522_224913,patient_100,section_redundancy,5,1,1,0,0.0
20260522_224913,patient_100,filler_control,5,1,1,0,0.0
20260522_224913,patient_100,section_redundancy,10,1,1,0,0.0
20260522_224913,patient_100,filler_control,10,1,1,0,0.0
20260522_224913,patient_100,section_redundancy,16,1,1,0,0.0
20260522_224913,patient_100,filler_control,16,1,1,0,0.0
